country,iso_code,year,lit_type,literacy
Afghanistan,AFG,2015,lit_total,33.7538414001465
Afghanistan,AFG,2011,lit_total,31.0
Albania,ALB,2017,lit_total,98.8162307739258
Albania,ALB,2012,lit_total,97.0
Albania,ALB,2011,lit_total,97.0
Albania,ALB,2008,lit_total,96.0
Albania,ALB,2001,lit_total,99.0
Algeria,DZA,2018,lit_total,81.4078369140625
Algeria,DZA,2008,lit_total,75.0
Algeria,DZA,2006,lit_total,73.0
Algeria,DZA,2002,lit_total,70.0
Angola,AGO,2015,lit_total,66.2358627319336
Angola,AGO,2014,lit_total,66.0
Angola,AGO,2001,lit_total,67.0
Antigua and Barbuda,ATG,2001,lit_total,99.0
Argentina,ARG,2001,lit_total,97.0
Argentina,ARG,1991,lit_total,96.0
Armenia,ARM,2017,lit_total,100.0
Armenia,ARM,2016,lit_total,100.0
Armenia,ARM,2011,lit_total,100.0
Armenia,ARM,2001,lit_total,99.0
Aruba,ABW,2010,lit_total,97.0
Aruba,ABW,2000,lit_total,97.0
Azerbaijan,AZE,2019,lit_total,100.0
Azerbaijan,AZE,2017,lit_total,100.0
Azerbaijan,AZE,2016,lit_total,100.0
Azerbaijan,AZE,2015,lit_total,100.0
Azerbaijan,AZE,2014,lit_total,100.0
Azerbaijan,AZE,2013,lit_total,100.0
Azerbaijan,AZE,2012,lit_total,100.0
Azerbaijan,AZE,2011,lit_total,100.0
Azerbaijan,AZE,2010,lit_total,100.0
Azerbaijan,AZE,2009,lit_total,100.0
Azerbaijan,AZE,2007,lit_total,100.0
Azerbaijan,AZE,1999,lit_total,99.0
Bahrain,BHR,2011,lit_total,92.3000030517578
Bahrain,BHR,2001,lit_total,87.0
Bahrain,BHR,1991,lit_total,84.0
Bangladesh,BGD,2019,lit_total,75.0
Bangladesh,BGD,2018,lit_total,74.0
Bangladesh,BGD,2017,lit_total,73.0
Bangladesh,BGD,2016,lit_total,73.0
Bangladesh,BGD,2015,lit_total,65.0
Bangladesh,BGD,2014,lit_total,61.0
Bangladesh,BGD,2013,lit_total,61.0
Bangladesh,BGD,2012,lit_total,58.0
Bangladesh,BGD,2011,lit_total,59.0
Bangladesh,BGD,2007,lit_total,46.6636009216309
Bangladesh,BGD,2001,lit_total,47.0
Bangladesh,BGD,1991,lit_total,35.0
Belarus,BLR,2019,lit_total,100.0
Belarus,BLR,2009,lit_total,100.0
Belarus,BLR,1999,lit_total,100.0
Belize,BLZ,2015,lit_total,90.9160385131836
Belize,BLZ,2001,lit_total,80.9000015258789
Belize,BLZ,1991,lit_total,70.0
Benin,BEN,2017,lit_total,38.871208190918
Benin,BEN,2012,lit_total,32.9488182067871
Benin,BEN,2006,lit_total,28.7021102905273
Benin,BEN,2002,lit_total,35.0
Benin,BEN,1992,lit_total,27.0
Bhutan,BTN,2017,lit_total,67.0
Bhutan,BTN,2012,lit_total,55.0
Bhutan,BTN,2005,lit_total,53.0
Bolivia,BOL,2015,lit_total,92.0
Bolivia,BOL,2012,lit_total,94.0
Bolivia,BOL,2011,lit_total,92.0
Bolivia,BOL,2009,lit_total,91.0
Bolivia,BOL,2008,lit_total,91.0
Bolivia,BOL,2007,lit_total,91.0
Bolivia,BOL,2001,lit_total,87.0
Bolivia,BOL,1992,lit_total,80.0
Bosnia and Herzegovina,BIH,2013,lit_total,97.0
Bosnia and Herzegovina,BIH,2011,lit_total,98.1420364379883
Bosnia and Herzegovina,BIH,2000,lit_total,97.0
Bosnia and Herzegovina,BIH,1991,lit_total,89.0
Botswana,BWA,2013,lit_total,86.8231811523438
Botswana,BWA,2003,lit_total,81.0
Botswana,BWA,1991,lit_total,69.0
Brazil,BRA,2018,lit_total,93.0
Brazil,BRA,2017,lit_total,93.0
Brazil,BRA,2016,lit_total,93.0
Brazil,BRA,2015,lit_total,92.0
Brazil,BRA,2014,lit_total,92.0
Brazil,BRA,2013,lit_total,91.0
Brazil,BRA,2012,lit_total,91.0
Brazil,BRA,2011,lit_total,91.0
Brazil,BRA,2010,lit_total,90.0
Brazil,BRA,2009,lit_total,90.0
Brazil,BRA,2008,lit_total,90.0
Brazil,BRA,2007,lit_total,90.0
Brazil,BRA,2006,lit_total,90.0
Brazil,BRA,2004,lit_total,89.0
Brazil,BRA,2000,lit_total,86.0
Brunei Darussalam,BRN,2011,lit_total,96.0
Brunei Darussalam,BRN,2001,lit_total,93.0
Brunei Darussalam,BRN,1991,lit_total,88.0
Bulgaria,BGR,2011,lit_total,98.0
Bulgaria,BGR,2001,lit_total,98.0
Burkina Faso,BFA,2019,lit_total,30.0
Burkina Faso,BFA,2018,lit_total,39.0
Burkina Faso,BFA,2014,lit_total,35.0
Burkina Faso,BFA,2007,lit_total,28.0
Burkina Faso,BFA,2006,lit_total,22.0
Burkina Faso,BFA,2005,lit_total,24.0
Burkina Faso,BFA,2003,lit_total,22.0
Burkina Faso,BFA,1996,lit_total,13.0
Burkina Faso,BFA,1991,lit_total,14.0
Burundi,BDI,2017,lit_total,68.0
Burundi,BDI,2016,lit_total,65.6877365112305
Burundi,BDI,2014,lit_total,62.0
Burundi,BDI,2008,lit_total,48.0
Burundi,BDI,2000,lit_total,59.0
Burundi,BDI,1990,lit_total,37.0
Cabo Verde,CPV,2015,lit_total,87.0
Cabo Verde,CPV,2012,lit_total,85.0
Cabo Verde,CPV,2000,lit_total,76.1104431152344
Cabo Verde,CPV,1990,lit_total,63.0
Cambodia,KHM,2015,lit_total,81.0
Cambodia,KHM,2014,lit_total,78.0
Cambodia,KHM,2009,lit_total,76.0
Cambodia,KHM,2008,lit_total,77.0
Cambodia,KHM,2004,lit_total,74.0
Cambodia,KHM,1998,lit_total,67.0
Cameroon,CMR,2018,lit_total,72.5471267700195
Cameroon,CMR,2010,lit_total,71.0
Cameroon,CMR,2007,lit_total,71.0
Cameroon,CMR,2000,lit_total,68.0
Cayman Islands,CYM,2017,lit_total,99.0
Cayman Islands,CYM,2007,lit_total,99.0
Central African Republic,CAF,2019,lit_total,42.4427909851074
Central African Republic,CAF,2018,lit_total,37.0
Central African Republic,CAF,2010,lit_total,36.7526092529297
Central African Republic,CAF,2000,lit_total,51.0
Chad,TCD,2019,lit_total,30.6279201507568
Chad,TCD,2016,lit_total,22.0
Chad,TCD,2015,lit_total,26.0029907226562
Chad,TCD,2004,lit_total,28.0
Chad,TCD,2000,lit_total,26.0
Chad,TCD,1993,lit_total,11.0
Chile,CHL,2017,lit_total,96.0
Chile,CHL,2015,lit_total,97.0
Chile,CHL,2013,lit_total,96.0
Chile,CHL,2011,lit_total,97.0
Chile,CHL,2002,lit_total,96.0
Chile,CHL,1992,lit_total,94.0
China,CHN,2010,lit_total,95.0
China,CHN,2000,lit_total,91.0
China,CHN,1990,lit_total,78.0
Colombia,COL,2019,lit_total,95.0
Colombia,COL,2018,lit_total,95.0
Colombia,COL,2016,lit_total,95.0
Colombia,COL,2015,lit_total,94.0
Colombia,COL,2014,lit_total,94.0
Colombia,COL,2011,lit_total,94.0
Colombia,COL,2010,lit_total,93.0
Colombia,COL,2009,lit_total,93.0
Colombia,COL,2008,lit_total,93.0
Colombia,COL,2007,lit_total,93.0
Colombia,COL,2006,lit_total,92.0
Colombia,COL,2005,lit_total,93.0
Colombia,COL,2004,lit_total,93.0
Colombia,COL,1996,lit_total,91.0
Colombia,COL,1993,lit_total,91.0
Comoros,COM,2012,lit_total,49.1961402893066
Comoros,COM,2000,lit_total,68.0
Costa Rica,CRI,2011,lit_total,97.0
Costa Rica,CRI,2000,lit_total,95.0
Cote d'Ivoire,CIV,2019,lit_total,90.0
Cote d'Ivoire,CIV,2016,lit_total,50.039680480957
Cote d'Ivoire,CIV,2014,lit_total,44.0
Cote d'Ivoire,CIV,2012,lit_total,40.9816284179688
Cote d'Ivoire,CIV,2000,lit_total,49.0
Cote d'Ivoire,CIV,1998,lit_total,36.0
Croatia,HRV,2001,lit_total,98.0
Croatia,HRV,1991,lit_total,97.0
Cuba,CUB,2019,lit_total,97.6549072265625
Cuba,CUB,2012,lit_total,100.0
Cuba,CUB,2002,lit_total,100.0
Cyprus,CYP,2011,lit_total,99.0
Cyprus,CYP,2001,lit_total,97.0
Cyprus,CYP,1992,lit_total,94.0
Dominican Republic,DOM,2016,lit_total,94.0
Dominican Republic,DOM,2015,lit_total,92.0
Dominican Republic,DOM,2014,lit_total,92.0
Dominican Republic,DOM,2013,lit_total,91.0
Dominican Republic,DOM,2012,lit_total,90.0
Dominican Republic,DOM,2011,lit_total,90.0
Dominican Republic,DOM,2010,lit_total,90.0
Dominican Republic,DOM,2007,lit_total,88.0
Dominican Republic,DOM,2002,lit_total,87.0
Ecuador,ECU,2017,lit_total,93.0
Ecuador,ECU,2016,lit_total,94.0
Ecuador,ECU,2015,lit_total,94.0
Ecuador,ECU,2014,lit_total,94.0
Ecuador,ECU,2013,lit_total,93.0
Ecuador,ECU,2012,lit_total,92.0
Ecuador,ECU,2011,lit_total,92.0
Ecuador,ECU,2010,lit_total,92.0
Ecuador,ECU,2009,lit_total,92.0
Ecuador,ECU,2008,lit_total,92.0
Ecuador,ECU,2007,lit_total,92.0
Ecuador,ECU,2001,lit_total,91.0
Ecuador,ECU,1990,lit_total,88.0
El Salvador,SLV,2019,lit_total,89.0
El Salvador,SLV,2018,lit_total,89.0
El Salvador,SLV,2017,lit_total,88.0
El Salvador,SLV,2016,lit_total,88.0
El Salvador,SLV,2015,lit_total,88.0
El Salvador,SLV,2013,lit_total,87.0
El Salvador,SLV,2011,lit_total,85.0
El Salvador,SLV,2010,lit_total,84.0
El Salvador,SLV,2009,lit_total,84.0
El Salvador,SLV,2008,lit_total,84.0
El Salvador,SLV,2007,lit_total,82.0
El Salvador,SLV,2006,lit_total,84.0
El Salvador,SLV,1992,lit_total,74.0
Equatorial Guinea,GNQ,2010,lit_total,94.3705368041992
Equatorial Guinea,GNQ,2000,lit_total,88.0
Eritrea,ERI,2018,lit_total,76.5705184936523
Eritrea,ERI,2008,lit_total,65.0
Eritrea,ERI,2002,lit_total,53.0
Estonia,EST,2011,lit_total,100.0
Estonia,EST,2000,lit_total,100.0
Eswatini,SWZ,2010,lit_total,83.0982894897461
Eswatini,SWZ,2000,lit_total,82.0
Ethiopia,ETH,2017,lit_total,51.7711791992188
Ethiopia,ETH,2016,lit_total,47.4915885925293
Ethiopia,ETH,2007,lit_total,39.0
Ethiopia,ETH,2005,lit_total,29.8203392028809
Ethiopia,ETH,2004,lit_total,35.9000015258789
Ethiopia,ETH,1994,lit_total,27.0
Gabon,GAB,2012,lit_total,82.2837982177734
Gabon,GAB,1993,lit_total,72.0
Georgia,GEO,2018,lit_total,99.6536636352539
Georgia,GEO,2017,lit_total,99.0
Georgia,GEO,2014,lit_total,100.0
Georgia,GEO,2002,lit_total,100.0
Ghana,GHA,2017,lit_total,64.4923934936523
Ghana,GHA,2010,lit_total,71.0
Ghana,GHA,2000,lit_total,58.0
Greece,GRC,2009,lit_total,94.0
Greece,GRC,2001,lit_total,96.0
Greece,GRC,1991,lit_total,93.0
Guam,GUM,2000,lit_total,99.5599975585938
Guam,GUM,1990,lit_total,99.0
Guatemala,GTM,2018,lit_total,81.0
Guatemala,GTM,2015,lit_total,80.1950912475586
Guatemala,GTM,2014,lit_total,81.0
Guatemala,GTM,2013,lit_total,77.0
Guatemala,GTM,2012,lit_total,78.0
Guatemala,GTM,2002,lit_total,69.0
Guatemala,GTM,1994,lit_total,64.0
Guinea,GIN,2018,lit_total,40.0
Guinea,GIN,2014,lit_total,32.0
Guinea,GIN,2010,lit_total,25.0
Guinea,GIN,2003,lit_total,30.0
Guinea,GIN,1996,lit_total,21.0
Guinea-Bissau,GNB,2019,lit_total,54.8823204040527
Guinea-Bissau,GNB,2014,lit_total,45.5811614990234
Guinea-Bissau,GNB,2000,lit_total,41.0
Guyana,GUY,2014,lit_total,85.6397323608398
Guyana,GUY,2009,lit_total,84.994010925293
Haiti,HTI,2017,lit_total,68.0098571777344
Haiti,HTI,2016,lit_total,61.691349029541
Haiti,HTI,2006,lit_total,48.6850204467773
Haiti,HTI,2003,lit_total,59.0
Honduras,HND,2019,lit_total,89.0
Honduras,HND,2018,lit_total,87.0
Honduras,HND,2016,lit_total,89.0
Honduras,HND,2015,lit_total,88.0
Honduras,HND,2014,lit_total,87.0
Honduras,HND,2013,lit_total,85.0
Honduras,HND,2012,lit_total,85.0
Honduras,HND,2011,lit_total,85.0
Honduras,HND,2010,lit_total,85.0
Honduras,HND,2007,lit_total,84.0
Honduras,HND,2001,lit_total,80.0
Hungary,HUN,1990,lit_total,99.0999984741211
India,IND,2011,lit_total,69.0
India,IND,2006,lit_total,63.0
India,IND,2001,lit_total,61.0
India,IND,1991,lit_total,48.0
Indonesia,IDN,2018,lit_total,96.0
Indonesia,IDN,2016,lit_total,95.0
Indonesia,IDN,2015,lit_total,95.0
Indonesia,IDN,2014,lit_total,95.0
Indonesia,IDN,2011,lit_total,93.0
Indonesia,IDN,2009,lit_total,93.0
Indonesia,IDN,2008,lit_total,92.0
Indonesia,IDN,2006,lit_total,92.0
Indonesia,IDN,2004,lit_total,90.0
Indonesia,IDN,1990,lit_total,82.0
Iraq,IRQ,2017,lit_total,86.0
Iraq,IRQ,2016,lit_total,83.0
Iraq,IRQ,2014,lit_total,82.0
Iraq,IRQ,2012,lit_total,77.0
Iraq,IRQ,2000,lit_total,74.0
Italy,ITA,2019,lit_total,99.0
Italy,ITA,2011,lit_total,99.0
Italy,ITA,2001,lit_total,98.0
Jamaica,JAM,1999,lit_total,80.0
Jordan,JOR,2018,lit_total,95.4314498901367
Jordan,JOR,2012,lit_total,98.0
Jordan,JOR,2011,lit_total,96.0
Jordan,JOR,2010,lit_total,93.0
Jordan,JOR,2007,lit_total,92.0
Jordan,JOR,2005,lit_total,91.0
Jordan,JOR,2003,lit_total,90.0
Kazakhstan,KAZ,2010,lit_total,99.7816314697266
Kazakhstan,KAZ,2009,lit_total,100.0
Kazakhstan,KAZ,1999,lit_total,100.0
Kenya,KEN,2014,lit_total,78.733039855957
Kenya,KEN,2007,lit_total,72.1570281982422
Kenya,KEN,2000,lit_total,82.0
Kiribati,KIR,2018,lit_total,97.9597091674805
Kuwait,KWT,2018,lit_total,96.0
Kuwait,KWT,2017,lit_total,96.0
Kuwait,KWT,2015,lit_total,96.0
Kuwait,KWT,2013,lit_total,96.0
Kuwait,KWT,2012,lit_total,96.0
Kuwait,KWT,2010,lit_total,94.0
Kuwait,KWT,2008,lit_total,94.0
Kuwait,KWT,2007,lit_total,94.0
Kuwait,KWT,2006,lit_total,93.0
Kuwait,KWT,2005,lit_total,93.0
Kuwait,KWT,1995,lit_total,78.0
Kyrgyz Republic,KGZ,2019,lit_total,99.5999984741211
Kyrgyz Republic,KGZ,2009,lit_total,99.0
Kyrgyz Republic,KGZ,1999,lit_total,99.0
Latvia,LVA,2011,lit_total,100.0
Latvia,LVA,2000,lit_total,100.0
Lebanon,LBN,2018,lit_total,93.0
Lebanon,LBN,2009,lit_total,91.0
Lebanon,LBN,2007,lit_total,90.0
Lesotho,LSO,2018,lit_total,86.2408676147461
Lesotho,LSO,2014,lit_total,76.6352005004883
Lesotho,LSO,2009,lit_total,75.8002014160156
Lesotho,LSO,2000,lit_total,86.0
Liberia,LBR,2017,lit_total,48.3013610839844
Liberia,LBR,2007,lit_total,42.9410781860352
Libya,LBY,1994,lit_total,76.5
Lithuania,LTU,2011,lit_total,100.0
Lithuania,LTU,2001,lit_total,100.0
Madagascar,MDG,2018,lit_total,77.0
Madagascar,MDG,2012,lit_total,72.0
Madagascar,MDG,2009,lit_total,64.4809112548828
Madagascar,MDG,2005,lit_total,59.0
Madagascar,MDG,2000,lit_total,71.0
Malawi,MWI,2015,lit_total,62.1435394287109
Malawi,MWI,2014,lit_total,65.1453704833984
Malawi,MWI,2010,lit_total,61.3097190856934
Malawi,MWI,1998,lit_total,64.0
Malaysia,MYS,2019,lit_total,95.0
Malaysia,MYS,2018,lit_total,95.0
Malaysia,MYS,2017,lit_total,95.0
Malaysia,MYS,2016,lit_total,95.0
Malaysia,MYS,2010,lit_total,93.0
Malaysia,MYS,1991,lit_total,83.0
Maldives,MDV,2019,lit_total,98.2118606567383
Maldives,MDV,2017,lit_total,94.5055084228516
Maldives,MDV,2016,lit_total,98.0
Maldives,MDV,2014,lit_total,99.0
Maldives,MDV,2006,lit_total,98.0
Maldives,MDV,2000,lit_total,96.0
Maldives,MDV,1995,lit_total,96.0
Maldives,MDV,1990,lit_total,96.0
Mali,MLI,2018,lit_total,35.0
Mali,MLI,2015,lit_total,33.0
Mali,MLI,2011,lit_total,31.0
Mali,MLI,2010,lit_total,31.0
Mali,MLI,2006,lit_total,26.0
Mali,MLI,2003,lit_total,24.0
Mali,MLI,1998,lit_total,19.0
Malta,MLT,2011,lit_total,93.0
Malta,MLT,2005,lit_total,92.0
Malta,MLT,1995,lit_total,88.0
Marshall Islands,MHL,2011,lit_total,98.0
Mauritania,MRT,2015,lit_total,65.1120223999023
Mauritania,MRT,2013,lit_total,62.0
Mauritania,MRT,2007,lit_total,45.5037803649902
Mauritania,MRT,2000,lit_total,51.0
Mauritius,MUS,2016,lit_total,93.0
Mauritius,MUS,2015,lit_total,93.0
Mauritius,MUS,2014,lit_total,92.0
Mauritius,MUS,2013,lit_total,91.0
Mauritius,MUS,2012,lit_total,92.0
Mauritius,MUS,2011,lit_total,89.0
Mauritius,MUS,2000,lit_total,84.0
Mauritius,MUS,1990,lit_total,80.0
Mexico,MEX,2018,lit_total,95.0
Mexico,MEX,2017,lit_total,95.0
Mexico,MEX,2016,lit_total,95.0
Mexico,MEX,2015,lit_total,94.0
Mexico,MEX,2014,lit_total,95.0
Mexico,MEX,2013,lit_total,94.0
Mexico,MEX,2012,lit_total,94.0
Mexico,MEX,2011,lit_total,94.0
Mexico,MEX,2010,lit_total,93.0
Mexico,MEX,2009,lit_total,93.0
Mexico,MEX,2008,lit_total,93.0
Mexico,MEX,2007,lit_total,93.0
Mexico,MEX,2006,lit_total,92.0
Mexico,MEX,2005,lit_total,92.0
Mexico,MEX,2004,lit_total,91.0
Mexico,MEX,2002,lit_total,90.0
Mexico,MEX,2000,lit_total,91.0
Mexico,MEX,1990,lit_total,88.0
Moldova,MDA,2014,lit_total,99.0
Moldova,MDA,2000,lit_total,97.0
Mongolia,MNG,2018,lit_total,96.8963470458984
Mongolia,MNG,2010,lit_total,98.0
Mongolia,MNG,2000,lit_total,98.0
Montenegro,MNE,2018,lit_total,98.5344009399414
Montenegro,MNE,2011,lit_total,98.0
Montenegro,MNE,2003,lit_total,98.0
Montenegro,MNE,1991,lit_total,93.0
Morocco,MAR,2014,lit_total,76.0
Morocco,MAR,2012,lit_total,69.0
Morocco,MAR,2011,lit_total,67.0
Morocco,MAR,2009,lit_total,56.0
Morocco,MAR,2008,lit_total,55.0
Morocco,MAR,2004,lit_total,52.0
Morocco,MAR,1994,lit_total,42.0
Mozambique,MOZ,2017,lit_total,61.0
Mozambique,MOZ,2015,lit_total,56.0
Mozambique,MOZ,2009,lit_total,51.0
Mozambique,MOZ,2003,lit_total,48.0
Mozambique,MOZ,1997,lit_total,39.0
Myanmar,MMR,2019,lit_total,89.0
Myanmar,MMR,2016,lit_total,75.5512008666992
Myanmar,MMR,2000,lit_total,90.0
Namibia,NAM,2011,lit_total,88.0
Namibia,NAM,2007,lit_total,76.4865875244141
Namibia,NAM,2001,lit_total,85.0
Namibia,NAM,1991,lit_total,76.0
Nepal,NPL,2019,lit_total,68.7125015258789
Nepal,NPL,2016,lit_total,65.5010070800781
Nepal,NPL,2011,lit_total,60.0
Nepal,NPL,2001,lit_total,49.0
Nepal,NPL,1991,lit_total,33.0
New Caledonia,NCL,2006,lit_total,97.3000030517578
New Caledonia,NCL,1996,lit_total,96.0
Nicaragua,NIC,2015,lit_total,82.6145477294922
Nicaragua,NIC,2005,lit_total,78.0
Nicaragua,NIC,2001,lit_total,77.0
Niger,NGA,2012,lit_total,31.0
Niger,NGA,2005,lit_total,29.0
Niger,NGA,2001,lit_total,14.0
Nigeria,NGA,2018,lit_total,62.0160102844238
Nigeria,NGA,2016,lit_total,58.2213401794434
Nigeria,NGA,2008,lit_total,51.0776596069336
Nigeria,NGA,2006,lit_total,70.0
Nigeria,NGA,2003,lit_total,55.0
Nigeria,NGA,1991,lit_total,55.0
North Macedonia,MKD,2012,lit_total,97.5999984741211
North Macedonia,MKD,2002,lit_total,96.0
North Macedonia,MKD,1994,lit_total,94.0
Oman,OMN,2018,lit_total,96.0
Oman,OMN,2017,lit_total,96.0
Oman,OMN,2015,lit_total,93.0
Oman,OMN,2010,lit_total,87.0
Oman,OMN,2008,lit_total,87.0
Oman,OMN,2003,lit_total,81.0
Pakistan,PAK,2019,lit_total,58.0
Pakistan,PAK,2018,lit_total,57.0
Pakistan,PAK,2017,lit_total,59.0
Pakistan,PAK,2014,lit_total,57.0
Pakistan,PAK,2013,lit_total,56.0
Pakistan,PAK,2012,lit_total,57.0
Pakistan,PAK,2011,lit_total,55.0
Pakistan,PAK,2010,lit_total,55.0
Pakistan,PAK,2009,lit_total,55.0
Pakistan,PAK,2008,lit_total,56.0
Pakistan,PAK,2007,lit_total,52.0
Pakistan,PAK,2006,lit_total,54.0
Pakistan,PAK,2005,lit_total,50.0
Pakistan,PAK,1998,lit_total,43.0
Palau,PLW,2015,lit_total,97.0
Palau,PLW,2013,lit_total,100.0
Panama,PAN,2019,lit_total,96.0
Panama,PAN,2018,lit_total,95.0
Panama,PAN,2010,lit_total,94.0
Panama,PAN,2000,lit_total,92.0
Panama,PAN,1990,lit_total,89.0
Papua New Guinea,PNG,2017,lit_total,70.0636825561523
Papua New Guinea,PNG,2010,lit_total,61.5999984741211
Papua New Guinea,PNG,2000,lit_total,57.0
Paraguay,PRY,2019,lit_total,93.0
Paraguay,PRY,2018,lit_total,94.0
Paraguay,PRY,2016,lit_total,95.0
Paraguay,PRY,2015,lit_total,96.0
Paraguay,PRY,2014,lit_total,95.0
Paraguay,PRY,2013,lit_total,95.0
Paraguay,PRY,2012,lit_total,94.0
Paraguay,PRY,2010,lit_total,94.0
Paraguay,PRY,2009,lit_total,94.0
Paraguay,PRY,2008,lit_total,93.0
Paraguay,PRY,2007,lit_total,95.0
Paraguay,PRY,1992,lit_total,90.0
Peru,PER,2018,lit_total,94.0
Peru,PER,2017,lit_total,94.0
Peru,PER,2016,lit_total,94.0
Peru,PER,2015,lit_total,94.0
Peru,PER,2014,lit_total,94.0
Peru,PER,2012,lit_total,94.0
Peru,PER,2007,lit_total,90.0
Peru,PER,2006,lit_total,89.0
Peru,PER,2005,lit_total,88.0
Peru,PER,2004,lit_total,88.0
Peru,PER,1993,lit_total,87.0
Philippines,PHL,2019,lit_total,96.0
Philippines,PHL,2015,lit_total,98.0
Philippines,PHL,2013,lit_total,96.0
Philippines,PHL,2008,lit_total,95.0
Philippines,PHL,2003,lit_total,93.0
Philippines,PHL,2000,lit_total,93.0
Philippines,PHL,1994,lit_total,94.0
Philippines,PHL,1990,lit_total,94.0
Portugal,PRT,2011,lit_total,94.0
Portugal,PRT,1991,lit_total,88.0
Puerto Rico,PRI,2017,lit_total,92.0
Puerto Rico,PRI,2010,lit_total,92.0
Puerto Rico,PRI,1990,lit_total,90.0
Qatar,QAT,2014,lit_total,98.0
Qatar,QAT,2013,lit_total,97.0
Qatar,QAT,2012,lit_total,97.0
Qatar,QAT,2011,lit_total,96.0
Qatar,QAT,2010,lit_total,96.0
Qatar,QAT,2009,lit_total,95.0
Qatar,QAT,2008,lit_total,94.0
Qatar,QAT,2007,lit_total,93.0
Qatar,QAT,2004,lit_total,89.0
Qatar,QAT,1997,lit_total,83.0
Romania,ROU,2011,lit_total,99.0
Romania,ROU,2002,lit_total,97.0
Romania,ROU,1992,lit_total,97.0
Russian Federation,RUS,2010,lit_total,100.0
Russian Federation,RUS,2002,lit_total,99.0
Rwanda,RWA,2018,lit_total,73.0
Rwanda,RWA,2014,lit_total,71.0
Rwanda,RWA,2012,lit_total,68.0
Rwanda,RWA,2010,lit_total,65.8522720336914
Rwanda,RWA,2000,lit_total,65.0
Rwanda,RWA,1991,lit_total,58.0
Samoa,WSM,2019,lit_total,97.9902572631836
Samoa,WSM,2011,lit_total,99.0
Samoa,WSM,1991,lit_total,98.0
Sao Tome and Principe,STP,2019,lit_total,87.4384613037109
Sao Tome and Principe,STP,2012,lit_total,90.0
Sao Tome and Principe,STP,2008,lit_total,69.5363922119141
Sao Tome and Principe,STP,2001,lit_total,85.0
Sao Tome and Principe,STP,1991,lit_total,73.0
Saudi Arabia,SAU,2017,lit_total,95.0
Saudi Arabia,SAU,2013,lit_total,94.0
Saudi Arabia,SAU,2004,lit_total,83.0
Saudi Arabia,SAU,2000,lit_total,79.0
Saudi Arabia,SAU,1992,lit_total,71.0
Senegal,SEN,2019,lit_total,46.8336715698242
Senegal,SEN,2018,lit_total,46.6059112548828
Senegal,SEN,2017,lit_total,52.0
Senegal,SEN,2016,lit_total,46.0996398925781
Senegal,SEN,2015,lit_total,43.5927314758301
Senegal,SEN,2013,lit_total,44.0
Senegal,SEN,2011,lit_total,52.0
Senegal,SEN,2009,lit_total,48.0
Senegal,SEN,2006,lit_total,42.0
Senegal,SEN,2002,lit_total,39.0
Serbia,SRB,2019,lit_total,99.0
Serbia,SRB,2016,lit_total,99.0
Serbia,SRB,2011,lit_total,98.0
Serbia,SRB,2003,lit_total,96.0
Seychelles,SYC,2010,lit_total,94.0
Seychelles,SYC,2002,lit_total,92.0
Seychelles,SYC,1994,lit_total,88.0
Sierra Leone,SLE,2019,lit_total,43.5777816772461
Sierra Leone,SLE,2017,lit_total,44.833179473877
Sierra Leone,SLE,2013,lit_total,32.4261703491211
Sierra Leone,SLE,2004,lit_total,35.0
Singapore,SGP,2019,lit_total,97.0
Singapore,SGP,2018,lit_total,97.0
Singapore,SGP,2017,lit_total,97.0
Singapore,SGP,2016,lit_total,97.0
Singapore,SGP,2015,lit_total,97.0
Singapore,SGP,2014,lit_total,97.0
Singapore,SGP,2013,lit_total,97.0
Singapore,SGP,2012,lit_total,96.0
Singapore,SGP,2011,lit_total,96.0
Singapore,SGP,2010,lit_total,96.0
Singapore,SGP,2000,lit_total,93.0
Singapore,SGP,1990,lit_total,89.0
Slovenia,SVN,2001,lit_total,99.5999984741211
Slovenia,SVN,1991,lit_total,100.0
Solomon Islands,SLB,1999,lit_total,77.0
South Africa,ZAF,2019,lit_total,95.0
South Africa,ZAF,2017,lit_total,87.0
South Africa,ZAF,2016,lit_total,91.7372436523438
South Africa,ZAF,2015,lit_total,94.0
South Africa,ZAF,2014,lit_total,94.0
South Africa,ZAF,2012,lit_total,94.0
South Africa,ZAF,2011,lit_total,93.0
South Africa,ZAF,2010,lit_total,93.0
South Africa,ZAF,2009,lit_total,93.0
South Africa,ZAF,2007,lit_total,89.0
South Africa,ZAF,1996,lit_total,82.0
South Sudan,SSD,2018,lit_total,34.5227584838867
South Sudan,SSD,2008,lit_total,27.0
Spain,ESP,2018,lit_total,98.0
Spain,ESP,2016,lit_total,98.0
Spain,ESP,2015,lit_total,98.0
Spain,ESP,2014,lit_total,98.0
Spain,ESP,2013,lit_total,98.0
Spain,ESP,2012,lit_total,98.0
Spain,ESP,2011,lit_total,98.0
Spain,ESP,2010,lit_total,98.0
Spain,ESP,2009,lit_total,98.0
Spain,ESP,2008,lit_total,98.0
Spain,ESP,2007,lit_total,98.0
Spain,ESP,2006,lit_total,98.0
Spain,ESP,2005,lit_total,98.0
Spain,ESP,2004,lit_total,97.0
Spain,ESP,1991,lit_total,96.0
Sri Lanka,LKA,2019,lit_total,92.0
Sri Lanka,LKA,2018,lit_total,92.0
Sri Lanka,LKA,2017,lit_total,92.0
Sri Lanka,LKA,2016,lit_total,92.0
Sri Lanka,LKA,2010,lit_total,91.0
Sri Lanka,LKA,2008,lit_total,91.0
Sri Lanka,LKA,2006,lit_total,91.0
Sri Lanka,LKA,2001,lit_total,91.0
Sudan,SDN,2018,lit_total,60.6971817016602
Sudan,SDN,2008,lit_total,54.0
Sudan,SDN,2000,lit_total,61.0
Suriname,SUR,2012,lit_total,93.0
Suriname,SUR,2010,lit_total,95.0
Suriname,SUR,2008,lit_total,95.0
Suriname,SUR,2004,lit_total,90.0
Syrian Arab Republic,SYR,2014,lit_total,86.3000030517578
Syrian Arab Republic,SYR,2004,lit_total,81.0
Syrian Arab Republic,SYR,2002,lit_total,83.0
Tajikistan,TJK,2010,lit_total,99.6999969482422
Tajikistan,TJK,2000,lit_total,99.0
Tanzania,TZA,2015,lit_total,78.0
Tanzania,TZA,2012,lit_total,78.0
Tanzania,TZA,2010,lit_total,67.8006973266602
Tanzania,TZA,2002,lit_total,69.0
Thailand,THA,2019,lit_total,91.2691497802734
Thailand,THA,2018,lit_total,94.0
Thailand,THA,2016,lit_total,91.9813995361328
Thailand,THA,2015,lit_total,93.0
Thailand,THA,2013,lit_total,94.0
Thailand,THA,2010,lit_total,96.0
Thailand,THA,2005,lit_total,94.0
Thailand,THA,2000,lit_total,93.0
Timor-Leste,TLS,2016,lit_total,65.7791290283203
Timor-Leste,TLS,2010,lit_total,58.0
Timor-Leste,TLS,2007,lit_total,51.0
Timor-Leste,TLS,2001,lit_total,38.0
Togo,TGO,2019,lit_total,67.0
Togo,TGO,2015,lit_total,64.0
Togo,TGO,2011,lit_total,60.0
Togo,TGO,2009,lit_total,57.0
Togo,TGO,2006,lit_total,57.0
Togo,TGO,2000,lit_total,53.0
Tonga,TON,2019,lit_total,91.0516204833984
Tonga,TON,2011,lit_total,99.0
Tonga,TON,2006,lit_total,99.0
Tonga,TON,1996,lit_total,99.0
Trinidad and Tobago,TTO,2000,lit_total,97.9000015258789
Trinidad and Tobago,TTO,1990,lit_total,97.0
Tunisia,TUN,2019,lit_total,81.0
Tunisia,TUN,2018,lit_total,79.4751129150391
Tunisia,TUN,2014,lit_total,79.0
Tunisia,TUN,2012,lit_total,80.0
Tunisia,TUN,2011,lit_total,80.0
Tunisia,TUN,2010,lit_total,79.0
Tunisia,TUN,2008,lit_total,78.0
Tunisia,TUN,2007,lit_total,77.0
Tunisia,TUN,2004,lit_total,74.0
Turkiye,TUR,2019,lit_total,97.0
Turkiye,TUR,2017,lit_total,96.0
Turkiye,TUR,2016,lit_total,96.0
Turkiye,TUR,2015,lit_total,96.0
Turkiye,TUR,2014,lit_total,95.0
Turkiye,TUR,2013,lit_total,95.0
Turkiye,TUR,2012,lit_total,95.0
Turkiye,TUR,2011,lit_total,94.0
Turkiye,TUR,2010,lit_total,93.0
Turkiye,TUR,2009,lit_total,91.0
Turkiye,TUR,2007,lit_total,89.0
Turkiye,TUR,2006,lit_total,88.0
Turkiye,TUR,2005,lit_total,88.0
Turkiye,TUR,2004,lit_total,87.0
Turkiye,TUR,1990,lit_total,79.0
Turkmenistan,TKM,2005,lit_total,99.4000015258789
Turkmenistan,TKM,1995,lit_total,99.0
Uganda,UGA,2016,lit_total,69.101318359375
Uganda,UGA,2012,lit_total,70.0
Uganda,UGA,2010,lit_total,73.0
Uganda,UGA,2006,lit_total,71.0
Uganda,UGA,2002,lit_total,68.0
Uganda,UGA,1991,lit_total,56.0
Ukraine,UKR,2012,lit_total,99.9743499755859
Ukraine,UKR,2001,lit_total,99.0
United Arab Emirates,ARE,2019,lit_total,98.0
United Arab Emirates,ARE,2005,lit_total,90.0
Uruguay,URY,2019,lit_total,99.0
Uruguay,URY,2018,lit_total,99.0
Uruguay,URY,2017,lit_total,99.0
Uruguay,URY,2016,lit_total,99.0
Uruguay,URY,2015,lit_total,99.0
Uruguay,URY,2014,lit_total,98.0
Uruguay,URY,2013,lit_total,98.0
Uruguay,URY,2012,lit_total,98.0
Uruguay,URY,2011,lit_total,98.0
Uruguay,URY,2010,lit_total,98.0
Uruguay,URY,2009,lit_total,98.0
Uruguay,URY,2008,lit_total,98.0
Uruguay,URY,2007,lit_total,98.0
Uruguay,URY,2006,lit_total,98.0
Uruguay,URY,1996,lit_total,97.0
Uzbekistan,UZB,2019,lit_total,100.0
Uzbekistan,UZB,2018,lit_total,100.0
Uzbekistan,UZB,2016,lit_total,100.0
Uzbekistan,UZB,2015,lit_total,100.0
Uzbekistan,UZB,2014,lit_total,100.0
Uzbekistan,UZB,2013,lit_total,100.0
Uzbekistan,UZB,2000,lit_total,99.0
Vanuatu,VUT,2014,lit_total,84.6999969482422
Vanuatu,VUT,2004,lit_total,78.4000015258789
Vanuatu,VUT,1999,lit_total,74.0
Vanuatu,VUT,1994,lit_total,68.6999969482422
Viet Nam,VNM,2019,lit_total,96.0
Viet Nam,VNM,2009,lit_total,94.0
Viet Nam,VNM,2000,lit_total,90.0
Viet Nam,VNM,1999,lit_total,90.0
Zambia,ZMB,2018,lit_total,71.1323013305664
Zambia,ZMB,2010,lit_total,83.0
Zambia,ZMB,2007,lit_total,61.1270904541016
Zambia,ZMB,2002,lit_total,69.0
Zambia,ZMB,1999,lit_total,68.0
Zambia,ZMB,1990,lit_total,65.0
Zimbabwe,ZWE,2019,lit_total,93.2275466918945
Zimbabwe,ZWE,2014,lit_total,88.6934204101562
Zimbabwe,ZWE,2011,lit_total,83.5827102661133
Zimbabwe,ZWE,1992,lit_total,84.0
Afghanistan,AFG,2015,lit_female,17.0862407684326
Afghanistan,AFG,2011,lit_female,17.0
Albania,ALB,2017,lit_female,99.0490417480469
Albania,ALB,2012,lit_female,96.0
Albania,ALB,2011,lit_female,96.0
Albania,ALB,2008,lit_female,95.0
Albania,ALB,2001,lit_female,98.0
Algeria,DZA,2019,lit_female,74.2101974487305
Algeria,DZA,2018,lit_female,75.3229675292969
Algeria,DZA,2008,lit_female,68.0
Algeria,DZA,2006,lit_female,64.0
Algeria,DZA,2002,lit_female,60.0
Angola,AGO,2015,lit_female,51.9259796142578
Angola,AGO,2014,lit_female,53.0
Angola,AGO,2001,lit_female,54.0
Antigua and Barbuda,ATG,2001,lit_female,99.0
Argentina,ARG,2001,lit_female,97.0
Argentina,ARG,1991,lit_female,96.0
Armenia,ARM,2017,lit_female,100.0
Armenia,ARM,2016,lit_female,100.0
Armenia,ARM,2011,lit_female,100.0
Armenia,ARM,2001,lit_female,99.0
Aruba,ABW,2010,lit_female,97.0
Aruba,ABW,2000,lit_female,97.0
Azerbaijan,AZE,2019,lit_female,100.0
Azerbaijan,AZE,2017,lit_female,100.0
Azerbaijan,AZE,2016,lit_female,100.0
Azerbaijan,AZE,2015,lit_female,100.0
Azerbaijan,AZE,2014,lit_female,100.0
Azerbaijan,AZE,2013,lit_female,100.0
Azerbaijan,AZE,2012,lit_female,100.0
Azerbaijan,AZE,2011,lit_female,100.0
Azerbaijan,AZE,2010,lit_female,100.0
Azerbaijan,AZE,2009,lit_female,100.0
Azerbaijan,AZE,2007,lit_female,99.0
Azerbaijan,AZE,1999,lit_female,98.0
Bahrain,BHR,2011,lit_female,90.6999969482422
Bahrain,BHR,2001,lit_female,84.0
Bahrain,BHR,1991,lit_female,77.0
Bangladesh,BGD,2019,lit_female,72.0
Bangladesh,BGD,2018,lit_female,71.0
Bangladesh,BGD,2017,lit_female,70.0
Bangladesh,BGD,2016,lit_female,70.0
Bangladesh,BGD,2015,lit_female,62.0
Bangladesh,BGD,2014,lit_female,58.0
Bangladesh,BGD,2013,lit_female,58.0
Bangladesh,BGD,2012,lit_female,54.0
Bangladesh,BGD,2011,lit_female,55.0
Bangladesh,BGD,2007,lit_female,43.7408485412598
Bangladesh,BGD,2001,lit_female,41.0
Bangladesh,BGD,1991,lit_female,26.0
Belarus,BLR,2019,lit_female,100.0
Belarus,BLR,2009,lit_female,99.0
Belarus,BLR,1999,lit_female,99.0
Belize,BLZ,2015,lit_female,91.6316070556641
Belize,BLZ,2001,lit_female,81.3000030517578
Belize,BLZ,1991,lit_female,70.0
Benin,BEN,2017,lit_female,28.5498504638672
Benin,BEN,2012,lit_female,22.093879699707
Benin,BEN,2006,lit_female,18.4429092407227
Benin,BEN,2002,lit_female,23.0
Benin,BEN,1992,lit_female,17.0
Bhutan,BTN,2017,lit_female,57.0
Bhutan,BTN,2012,lit_female,45.0
Bhutan,BTN,2005,lit_female,39.0
Bolivia,BOL,2015,lit_female,89.0
Bolivia,BOL,2012,lit_female,92.0
Bolivia,BOL,2011,lit_female,88.0
Bolivia,BOL,2009,lit_female,87.0
Bolivia,BOL,2008,lit_female,87.0
Bolivia,BOL,2007,lit_female,86.0
Bolivia,BOL,2001,lit_female,81.0
Bolivia,BOL,1992,lit_female,72.0
Bosnia and Herzegovina,BIH,2013,lit_female,95.0
Bosnia and Herzegovina,BIH,2011,lit_female,96.8037109375
Bosnia and Herzegovina,BIH,2000,lit_female,94.0
Bosnia and Herzegovina,BIH,1991,lit_female,82.0
Botswana,BWA,2013,lit_female,87.4512100219727
Botswana,BWA,2003,lit_female,82.0
Botswana,BWA,1991,lit_female,71.0
Brazil,BRA,2018,lit_female,93.0
Brazil,BRA,2017,lit_female,93.0
Brazil,BRA,2016,lit_female,93.0
Brazil,BRA,2015,lit_female,92.0
Brazil,BRA,2014,lit_female,92.0
Brazil,BRA,2013,lit_female,92.0
Brazil,BRA,2012,lit_female,92.0
Brazil,BRA,2011,lit_female,92.0
Brazil,BRA,2010,lit_female,91.0
Brazil,BRA,2009,lit_female,90.0
Brazil,BRA,2008,lit_female,90.0
Brazil,BRA,2007,lit_female,90.0
Brazil,BRA,2006,lit_female,90.0
Brazil,BRA,2004,lit_female,89.0
Brazil,BRA,2000,lit_female,87.0
Brunei Darussalam,BRN,2011,lit_female,95.0
Brunei Darussalam,BRN,2001,lit_female,90.0
Brunei Darussalam,BRN,1991,lit_female,82.0
Bulgaria,BGR,2011,lit_female,98.0
Bulgaria,BGR,2001,lit_female,98.0
Burkina Faso,BFA,2019,lit_female,25.0
Burkina Faso,BFA,2018,lit_female,31.0
Burkina Faso,BFA,2014,lit_female,26.0
Burkina Faso,BFA,2007,lit_female,21.0
Burkina Faso,BFA,2006,lit_female,16.0
Burkina Faso,BFA,2005,lit_female,17.0
Burkina Faso,BFA,2003,lit_female,15.0
Burkina Faso,BFA,1996,lit_female,8.0
Burkina Faso,BFA,1991,lit_female,8.0
Burundi,BDI,2017,lit_female,61.0
Burundi,BDI,2016,lit_female,59.4406814575195
Burundi,BDI,2014,lit_female,55.0
Burundi,BDI,2008,lit_female,43.0
Burundi,BDI,2000,lit_female,52.0
Burundi,BDI,1990,lit_female,28.0
Cabo Verde,CPV,2015,lit_female,82.0
Cabo Verde,CPV,2012,lit_female,80.0
Cabo Verde,CPV,2000,lit_female,69.4445571899414
Cabo Verde,CPV,1990,lit_female,53.0
Cambodia,KHM,2015,lit_female,75.0
Cambodia,KHM,2014,lit_female,72.0
Cambodia,KHM,2009,lit_female,69.0
Cambodia,KHM,2008,lit_female,70.0
Cambodia,KHM,2004,lit_female,64.0
Cambodia,KHM,1998,lit_female,57.0
Cameroon,CMR,2018,lit_female,66.1617736816406
Cameroon,CMR,2010,lit_female,65.0
Cameroon,CMR,2007,lit_female,63.0
Cameroon,CMR,2000,lit_female,59.0
Cayman Islands,CYM,2017,lit_female,99.0
Cayman Islands,CYM,2007,lit_female,99.0
Central African Republic,CAF,2019,lit_female,27.1308307647705
Central African Republic,CAF,2018,lit_female,26.0
Central African Republic,CAF,2010,lit_female,24.355489730835
Central African Republic,CAF,2000,lit_female,35.0
Chad,TCD,2019,lit_female,18.6425495147705
Chad,TCD,2016,lit_female,14.0
Chad,TCD,2015,lit_female,13.9334096908569
Chad,TCD,2004,lit_female,18.0
Chad,TCD,2000,lit_female,13.0
Chad,TCD,1993,lit_female,5.0
Chile,CHL,2017,lit_female,96.0
Chile,CHL,2015,lit_female,97.0
Chile,CHL,2013,lit_female,96.0
Chile,CHL,2011,lit_female,97.0
Chile,CHL,2002,lit_female,96.0
Chile,CHL,1992,lit_female,94.0
China,CHN,2010,lit_female,93.0
China,CHN,2000,lit_female,87.0
China,CHN,1990,lit_female,68.0
Colombia,COL,2019,lit_female,95.0
Colombia,COL,2018,lit_female,95.0
Colombia,COL,2016,lit_female,95.0
Colombia,COL,2015,lit_female,94.0
Colombia,COL,2014,lit_female,94.0
Colombia,COL,2011,lit_female,94.0
Colombia,COL,2010,lit_female,93.0
Colombia,COL,2009,lit_female,93.0
Colombia,COL,2008,lit_female,93.0
Colombia,COL,2007,lit_female,93.0
Colombia,COL,2006,lit_female,92.0
Colombia,COL,2005,lit_female,93.0
Colombia,COL,2004,lit_female,93.0
Colombia,COL,1996,lit_female,91.0
Colombia,COL,1993,lit_female,91.0
Comoros,COM,2012,lit_female,42.6372909545898
Comoros,COM,2000,lit_female,63.0
Costa Rica,CRI,2018,lit_female,94.118766784668
Costa Rica,CRI,2011,lit_female,98.0
Costa Rica,CRI,2000,lit_female,95.0
Cote d'Ivoire,CIV,2019,lit_female,87.0
Cote d'Ivoire,CIV,2016,lit_female,40.7476615905762
Cote d'Ivoire,CIV,2014,lit_female,37.0
Cote d'Ivoire,CIV,2012,lit_female,30.4617195129395
Cote d'Ivoire,CIV,2000,lit_female,39.0
Cote d'Ivoire,CIV,1998,lit_female,28.0
Croatia,HRV,2001,lit_female,97.0
Croatia,HRV,1991,lit_female,95.0
Cuba,CUB,2019,lit_female,96.3534317016602
Cuba,CUB,2012,lit_female,100.0
Cuba,CUB,2002,lit_female,100.0
Cyprus,CYP,2011,lit_female,98.0
Cyprus,CYP,2001,lit_female,95.0
Cyprus,CYP,1992,lit_female,91.0
Dominican Republic,DOM,2019,lit_female,87.372673034668
Dominican Republic,DOM,2016,lit_female,94.0
Dominican Republic,DOM,2015,lit_female,92.0
Dominican Republic,DOM,2014,lit_female,92.0
Dominican Republic,DOM,2013,lit_female,91.0
Dominican Republic,DOM,2012,lit_female,90.0
Dominican Republic,DOM,2011,lit_female,90.0
Dominican Republic,DOM,2010,lit_female,90.0
Dominican Republic,DOM,2007,lit_female,88.0
Dominican Republic,DOM,2002,lit_female,87.0
Ecuador,ECU,2017,lit_female,92.0
Ecuador,ECU,2016,lit_female,93.0
Ecuador,ECU,2015,lit_female,93.0
Ecuador,ECU,2014,lit_female,93.0
Ecuador,ECU,2013,lit_female,92.0
Ecuador,ECU,2012,lit_female,91.0
Ecuador,ECU,2011,lit_female,90.0
Ecuador,ECU,2010,lit_female,90.0
Ecuador,ECU,2009,lit_female,91.0
Ecuador,ECU,2008,lit_female,91.0
Ecuador,ECU,2007,lit_female,91.0
Ecuador,ECU,2001,lit_female,90.0
Ecuador,ECU,1990,lit_female,86.0
El Salvador,SLV,2019,lit_female,87.0
El Salvador,SLV,2018,lit_female,87.0
El Salvador,SLV,2017,lit_female,87.0
El Salvador,SLV,2016,lit_female,86.0
El Salvador,SLV,2015,lit_female,86.0
El Salvador,SLV,2013,lit_female,85.0
El Salvador,SLV,2011,lit_female,83.0
El Salvador,SLV,2010,lit_female,82.0
El Salvador,SLV,2009,lit_female,82.0
El Salvador,SLV,2008,lit_female,81.0
El Salvador,SLV,2007,lit_female,80.0
El Salvador,SLV,2006,lit_female,81.0
El Salvador,SLV,1992,lit_female,71.0
Equatorial Guinea,GNQ,2010,lit_female,90.6760787963867
Equatorial Guinea,GNQ,2000,lit_female,82.0
Eritrea,ERI,2018,lit_female,68.9461898803711
Eritrea,ERI,2008,lit_female,55.0
Eritrea,ERI,2002,lit_female,40.0
Estonia,EST,2011,lit_female,100.0
Estonia,EST,2000,lit_female,100.0
Eswatini,SWZ,2010,lit_female,82.4475479125977
Eswatini,SWZ,2000,lit_female,80.0
Ethiopia,ETH,2019,lit_female,40.3826713562012
Ethiopia,ETH,2017,lit_female,44.4233818054199
Ethiopia,ETH,2016,lit_female,34.4190406799316
Ethiopia,ETH,2007,lit_female,29.0
Ethiopia,ETH,2005,lit_female,17.9771995544434
Ethiopia,ETH,2004,lit_female,22.7999992370605
Ethiopia,ETH,1994,lit_female,19.0
Gabon,GAB,2012,lit_female,79.8789672851562
Gabon,GAB,1993,lit_female,65.0
Georgia,GEO,2018,lit_female,99.6481781005859
Georgia,GEO,2017,lit_female,99.0
Georgia,GEO,2014,lit_female,100.0
Georgia,GEO,2002,lit_female,100.0
Ghana,GHA,2017,lit_female,56.0202102661133
Ghana,GHA,2010,lit_female,65.0
Ghana,GHA,2000,lit_female,50.0
Greece,GRC,2009,lit_female,92.0
Greece,GRC,2001,lit_female,94.0
Greece,GRC,1991,lit_female,89.0
Guam,GUM,2000,lit_female,99.5699996948242
Guam,GUM,1990,lit_female,99.0
Guatemala,GTM,2018,lit_female,77.0
Guatemala,GTM,2015,lit_female,75.1361923217773
Guatemala,GTM,2014,lit_female,76.0
Guatemala,GTM,2013,lit_female,72.0
Guatemala,GTM,2012,lit_female,72.0
Guatemala,GTM,2002,lit_female,63.0
Guatemala,GTM,1994,lit_female,57.0
Guinea,GIN,2018,lit_female,28.0
Guinea,GIN,2016,lit_female,23.9352493286133
Guinea,GIN,2014,lit_female,22.0
Guinea,GIN,2010,lit_female,12.0
Guinea,GIN,2003,lit_female,18.0
Guinea,GIN,1996,lit_female,10.0
Guinea-Bissau,GNB,2019,lit_female,40.3379783630371
Guinea-Bissau,GNB,2014,lit_female,30.7685108184814
Guinea-Bissau,GNB,2000,lit_female,27.0
Guyana,GUY,2014,lit_female,85.0346069335938
Guyana,GUY,2009,lit_female,87.2519836425781
Haiti,HTI,2017,lit_female,63.8743209838867
Haiti,HTI,2016,lit_female,58.3005218505859
Haiti,HTI,2006,lit_female,44.5994491577148
Haiti,HTI,2003,lit_female,55.0
Honduras,HND,2019,lit_female,89.0
Honduras,HND,2018,lit_female,87.0
Honduras,HND,2016,lit_female,89.0
Honduras,HND,2015,lit_female,88.0
Honduras,HND,2014,lit_female,87.0
Honduras,HND,2013,lit_female,85.0
Honduras,HND,2012,lit_female,85.0
Honduras,HND,2011,lit_female,85.0
Honduras,HND,2010,lit_female,85.0
Honduras,HND,2007,lit_female,83.0
Honduras,HND,2001,lit_female,80.0
Hungary,HUN,1990,lit_female,98.8000030517578
India,IND,2011,lit_female,59.0
India,IND,2006,lit_female,51.0
India,IND,2001,lit_female,48.0
India,IND,1991,lit_female,34.0
Indonesia,IDN,2018,lit_female,94.0
Indonesia,IDN,2016,lit_female,94.0
Indonesia,IDN,2015,lit_female,93.0
Indonesia,IDN,2014,lit_female,93.0
Indonesia,IDN,2011,lit_female,90.0
Indonesia,IDN,2009,lit_female,90.0
Indonesia,IDN,2008,lit_female,89.0
Indonesia,IDN,2006,lit_female,89.0
Indonesia,IDN,2004,lit_female,87.0
Indonesia,IDN,1990,lit_female,75.0
Iraq,IRQ,2018,lit_female,76.2786636352539
Iraq,IRQ,2017,lit_female,80.0
Iraq,IRQ,2016,lit_female,77.0
Iraq,IRQ,2014,lit_female,75.0
Iraq,IRQ,2012,lit_female,69.0
Iraq,IRQ,2000,lit_female,64.0
Italy,ITA,2019,lit_female,99.0
Italy,ITA,2011,lit_female,99.0
Italy,ITA,2001,lit_female,98.0
Jamaica,JAM,1999,lit_female,86.0
Jordan,JOR,2018,lit_female,94.1569595336914
Jordan,JOR,2012,lit_female,97.0
Jordan,JOR,2011,lit_female,94.0
Jordan,JOR,2010,lit_female,89.0
Jordan,JOR,2007,lit_female,89.0
Jordan,JOR,2005,lit_female,87.0
Jordan,JOR,2003,lit_female,85.0
Kazakhstan,KAZ,2010,lit_female,99.7389907836914
Kazakhstan,KAZ,2009,lit_female,100.0
Kazakhstan,KAZ,1999,lit_female,99.0
Kenya,KEN,2014,lit_female,74.0063171386719
Kenya,KEN,2007,lit_female,66.8631210327148
Kenya,KEN,2000,lit_female,78.0
Kiribati,KIR,2018,lit_female,98.6115112304688
Kuwait,KWT,2018,lit_female,95.0
Kuwait,KWT,2017,lit_female,95.0
Kuwait,KWT,2015,lit_female,94.0
Kuwait,KWT,2013,lit_female,94.0
Kuwait,KWT,2012,lit_female,95.0
Kuwait,KWT,2010,lit_female,93.0
Kuwait,KWT,2008,lit_female,92.0
Kuwait,KWT,2007,lit_female,92.0
Kuwait,KWT,2006,lit_female,91.0
Kuwait,KWT,2005,lit_female,91.0
Kuwait,KWT,1995,lit_female,74.0
Kyrgyz Republic,KGZ,2019,lit_female,99.5
Kyrgyz Republic,KGZ,2009,lit_female,99.0
Kyrgyz Republic,KGZ,1999,lit_female,98.0
Latvia,LVA,2011,lit_female,100.0
Latvia,LVA,2000,lit_female,100.0
Lebanon,LBN,2018,lit_female,90.0
Lebanon,LBN,2009,lit_female,88.0
Lebanon,LBN,2007,lit_female,86.0
Lesotho,LSO,2018,lit_female,91.7942276000977
Lesotho,LSO,2014,lit_female,84.9348907470703
Lesotho,LSO,2009,lit_female,84.9639587402344
Lesotho,LSO,2000,lit_female,92.0
Liberia,LBR,2017,lit_female,34.0922584533691
Liberia,LBR,2007,lit_female,27.0349102020264
Libya,LBY,1994,lit_female,63.7000007629395
Lithuania,LTU,2011,lit_female,100.0
Lithuania,LTU,2001,lit_female,100.0
Madagascar,MDG,2018,lit_female,75.0
Madagascar,MDG,2012,lit_female,68.0
Madagascar,MDG,2009,lit_female,61.6414108276367
Madagascar,MDG,2005,lit_female,55.0
Madagascar,MDG,2000,lit_female,65.0
Malawi,MWI,2015,lit_female,55.2041091918945
Malawi,MWI,2014,lit_female,55.130989074707
Malawi,MWI,2010,lit_female,51.2519683837891
Malawi,MWI,1998,lit_female,54.0
Malaysia,MYS,2019,lit_female,94.0
Malaysia,MYS,2018,lit_female,94.0
Malaysia,MYS,2017,lit_female,94.0
Malaysia,MYS,2016,lit_female,93.0
Malaysia,MYS,2010,lit_female,91.0
Malaysia,MYS,1991,lit_female,77.0
Maldives,MDV,2019,lit_female,98.2551879882812
Maldives,MDV,2017,lit_female,94.9146194458008
Maldives,MDV,2016,lit_female,98.0
Maldives,MDV,2014,lit_female,99.0
Maldives,MDV,2006,lit_female,98.0
Maldives,MDV,2000,lit_female,96.0
Maldives,MDV,1995,lit_female,96.0
Maldives,MDV,1990,lit_female,96.0
Mali,MLI,2018,lit_female,26.0
Mali,MLI,2015,lit_female,22.0
Mali,MLI,2011,lit_female,19.0
Mali,MLI,2010,lit_female,20.0
Mali,MLI,2006,lit_female,18.0
Mali,MLI,2003,lit_female,16.0
Mali,MLI,1998,lit_female,12.0
Malta,MLT,2011,lit_female,95.0
Malta,MLT,2005,lit_female,94.0
Malta,MLT,1995,lit_female,89.0
Marshall Islands,MHL,2011,lit_female,98.0
Mauritania,MRT,2015,lit_female,57.4347305297852
Mauritania,MRT,2013,lit_female,57.0
Mauritania,MRT,2007,lit_female,35.3484306335449
Mauritania,MRT,2000,lit_female,43.0
Mauritius,MUS,2016,lit_female,91.0
Mauritius,MUS,2015,lit_female,91.0
Mauritius,MUS,2014,lit_female,90.0
Mauritius,MUS,2013,lit_female,89.0
Mauritius,MUS,2012,lit_female,89.0
Mauritius,MUS,2011,lit_female,87.0
Mauritius,MUS,2000,lit_female,81.0
Mauritius,MUS,1990,lit_female,75.0
Mexico,MEX,2018,lit_female,95.0
Mexico,MEX,2017,lit_female,94.0
Mexico,MEX,2016,lit_female,94.0
Mexico,MEX,2015,lit_female,93.0
Mexico,MEX,2014,lit_female,94.0
Mexico,MEX,2013,lit_female,93.0
Mexico,MEX,2012,lit_female,93.0
Mexico,MEX,2011,lit_female,92.0
Mexico,MEX,2010,lit_female,92.0
Mexico,MEX,2009,lit_female,92.0
Mexico,MEX,2008,lit_female,91.0
Mexico,MEX,2007,lit_female,91.0
Mexico,MEX,2006,lit_female,90.0
Mexico,MEX,2005,lit_female,90.0
Mexico,MEX,2004,lit_female,90.0
Mexico,MEX,2002,lit_female,89.0
Mexico,MEX,2000,lit_female,89.0
Mexico,MEX,1990,lit_female,85.0
Moldova,MDA,2014,lit_female,99.0
Moldova,MDA,2000,lit_female,95.0
Mongolia,MNG,2018,lit_female,97.9979705810547
Mongolia,MNG,2010,lit_female,98.0
Mongolia,MNG,2000,lit_female,98.0
Montenegro,MNE,2018,lit_female,97.9482269287109
Montenegro,MNE,2011,lit_female,98.0
Montenegro,MNE,2003,lit_female,96.0
Montenegro,MNE,1991,lit_female,98.0
Morocco,MAR,2014,lit_female,53.0
Morocco,MAR,2012,lit_female,59.0
Morocco,MAR,2011,lit_female,58.0
Morocco,MAR,2009,lit_female,44.0
Morocco,MAR,2008,lit_female,43.0
Morocco,MAR,2004,lit_female,40.0
Morocco,MAR,1994,lit_female,29.0
Mozambique,MOZ,2017,lit_female,50.0
Mozambique,MOZ,2015,lit_female,43.0
Mozambique,MOZ,2009,lit_female,36.0
Mozambique,MOZ,2003,lit_female,33.0
Mozambique,MOZ,1997,lit_female,25.0
Myanmar,MMR,2019,lit_female,86.0
Myanmar,MMR,2016,lit_female,71.8469924926758
Myanmar,MMR,2000,lit_female,86.0
Namibia,NAM,2011,lit_female,88.0
Namibia,NAM,2007,lit_female,78.3509826660156
Namibia,NAM,2001,lit_female,84.0
Namibia,NAM,1991,lit_female,74.0
Nepal,NPL,2019,lit_female,59.4137191772461
Nepal,NPL,2016,lit_female,55.7490501403809
Nepal,NPL,2011,lit_female,49.0
Nepal,NPL,2001,lit_female,35.0
Nepal,NPL,1991,lit_female,17.0
New Caledonia,NCL,2006,lit_female,96.9000015258789
New Caledonia,NCL,1996,lit_female,95.0
Nicaragua,NIC,2015,lit_female,82.7793502807617
Nicaragua,NIC,2005,lit_female,78.0
Nicaragua,NIC,2001,lit_female,77.0
Niger,NGA,2012,lit_female,23.0
Niger,NGA,2005,lit_female,15.0
Niger,NGA,2001,lit_female,9.0
Nigeria,NGA,2018,lit_female,52.6564788818359
Nigeria,NGA,2016,lit_female,49.0559501647949
Nigeria,NGA,2008,lit_female,41.3867607116699
Nigeria,NGA,2006,lit_female,64.0
Nigeria,NGA,2003,lit_female,43.0
Nigeria,NGA,1991,lit_female,44.0
North Macedonia,MKD,2018,lit_female,97.7797393798828
North Macedonia,MKD,2012,lit_female,96.4000015258789
North Macedonia,MKD,2002,lit_female,94.0
North Macedonia,MKD,1994,lit_female,91.0
Oman,OMN,2018,lit_female,93.0
Oman,OMN,2017,lit_female,92.0
Oman,OMN,2015,lit_female,86.0
Oman,OMN,2010,lit_female,82.0
Oman,OMN,2008,lit_female,81.0
Oman,OMN,2003,lit_female,74.0
Pakistan,PAK,2019,lit_female,46.0
Pakistan,PAK,2018,lit_female,45.0
Pakistan,PAK,2017,lit_female,46.0
Pakistan,PAK,2014,lit_female,44.0
Pakistan,PAK,2013,lit_female,42.0
Pakistan,PAK,2012,lit_female,43.0
Pakistan,PAK,2011,lit_female,42.0
Pakistan,PAK,2010,lit_female,41.0
Pakistan,PAK,2009,lit_female,40.0
Pakistan,PAK,2008,lit_female,40.0
Pakistan,PAK,2007,lit_female,38.0
Pakistan,PAK,2006,lit_female,40.0
Pakistan,PAK,2005,lit_female,35.0
Pakistan,PAK,1998,lit_female,29.0
Palau,PLW,2015,lit_female,96.0
Palau,PLW,2013,lit_female,100.0
Panama,PAN,2019,lit_female,95.0
Panama,PAN,2018,lit_female,95.0
Panama,PAN,2010,lit_female,93.0
Panama,PAN,2000,lit_female,91.0
Panama,PAN,1990,lit_female,88.0
Papua New Guinea,PNG,2017,lit_female,61.5507888793945
Papua New Guinea,PNG,2010,lit_female,57.9000015258789
Papua New Guinea,PNG,2000,lit_female,51.0
Paraguay,PRY,2019,lit_female,93.0
Paraguay,PRY,2018,lit_female,94.0
Paraguay,PRY,2016,lit_female,94.0
Paraguay,PRY,2015,lit_female,95.0
Paraguay,PRY,2014,lit_female,94.0
Paraguay,PRY,2013,lit_female,94.0
Paraguay,PRY,2012,lit_female,94.0
Paraguay,PRY,2010,lit_female,93.0
Paraguay,PRY,2009,lit_female,93.0
Paraguay,PRY,2008,lit_female,92.0
Paraguay,PRY,2007,lit_female,93.0
Paraguay,PRY,1992,lit_female,89.0
Peru,PER,2018,lit_female,92.0
Peru,PER,2017,lit_female,91.0
Peru,PER,2016,lit_female,91.0
Peru,PER,2015,lit_female,91.0
Peru,PER,2014,lit_female,90.0
Peru,PER,2012,lit_female,91.0
Peru,PER,2007,lit_female,85.0
Peru,PER,2006,lit_female,83.0
Peru,PER,2005,lit_female,82.0
Peru,PER,2004,lit_female,82.0
Peru,PER,1993,lit_female,82.0
Philippines,PHL,2019,lit_female,97.0
Philippines,PHL,2015,lit_female,98.0
Philippines,PHL,2013,lit_female,97.0
Philippines,PHL,2008,lit_female,96.0
Philippines,PHL,2003,lit_female,94.0
Philippines,PHL,2000,lit_female,93.0
Philippines,PHL,1994,lit_female,95.0
Philippines,PHL,1990,lit_female,93.0
Portugal,PRT,2011,lit_female,93.0
Portugal,PRT,1991,lit_female,85.0
Puerto Rico,PRI,2017,lit_female,92.0
Puerto Rico,PRI,2010,lit_female,93.0
Puerto Rico,PRI,1990,lit_female,90.0
Qatar,QAT,2014,lit_female,98.0
Qatar,QAT,2013,lit_female,97.0
Qatar,QAT,2012,lit_female,96.0
Qatar,QAT,2011,lit_female,96.0
Qatar,QAT,2010,lit_female,95.0
Qatar,QAT,2009,lit_female,93.0
Qatar,QAT,2008,lit_female,93.0
Qatar,QAT,2007,lit_female,90.0
Qatar,QAT,2004,lit_female,89.0
Qatar,QAT,1997,lit_female,81.0
Romania,ROU,2011,lit_female,98.0
Romania,ROU,2002,lit_female,96.0
Romania,ROU,1992,lit_female,95.0
Russian Federation,RUS,2010,lit_female,100.0
Russian Federation,RUS,2002,lit_female,99.0
Rwanda,RWA,2018,lit_female,69.0
Rwanda,RWA,2014,lit_female,66.0
Rwanda,RWA,2012,lit_female,65.0
Rwanda,RWA,2010,lit_female,61.5486106872559
Rwanda,RWA,2000,lit_female,60.0
Samoa,WSM,2019,lit_female,97.6584167480469
Samoa,WSM,2011,lit_female,99.0
Samoa,WSM,1991,lit_female,97.0
Sao Tome and Principe,STP,2019,lit_female,82.7525329589844
Sao Tome and Principe,STP,2012,lit_female,85.0
Sao Tome and Principe,STP,2008,lit_female,60.0830307006836
Sao Tome and Principe,STP,2001,lit_female,78.0
Sao Tome and Principe,STP,1991,lit_female,62.0
Saudi Arabia,SAU,2017,lit_female,93.0
Saudi Arabia,SAU,2013,lit_female,91.0
Saudi Arabia,SAU,2004,lit_female,76.0
Saudi Arabia,SAU,2000,lit_female,69.0
Saudi Arabia,SAU,1992,lit_female,57.0
Senegal,SEN,2019,lit_female,38.5151901245117
Senegal,SEN,2018,lit_female,40.578800201416
Senegal,SEN,2017,lit_female,40.0
Senegal,SEN,2016,lit_female,37.6722793579102
Senegal,SEN,2015,lit_female,35.1685104370117
Senegal,SEN,2013,lit_female,34.0
Senegal,SEN,2011,lit_female,40.0
Senegal,SEN,2009,lit_female,37.0
Senegal,SEN,2006,lit_female,33.0
Senegal,SEN,2002,lit_female,29.0
Serbia,SRB,2019,lit_female,99.0
Serbia,SRB,2016,lit_female,98.0
Serbia,SRB,2011,lit_female,97.0
Serbia,SRB,2003,lit_female,94.0
Seychelles,SYC,2010,lit_female,94.0
Seychelles,SYC,2002,lit_female,92.0
Seychelles,SYC,1994,lit_female,89.0
Sierra Leone,SLE,2019,lit_female,33.942211151123
Sierra Leone,SLE,2017,lit_female,36.2379913330078
Sierra Leone,SLE,2013,lit_female,24.8566799163818
Sierra Leone,SLE,2004,lit_female,24.0
Singapore,SGP,2019,lit_female,96.0
Singapore,SGP,2018,lit_female,96.0
Singapore,SGP,2017,lit_female,96.0
Singapore,SGP,2016,lit_female,95.0
Singapore,SGP,2015,lit_female,95.0
Singapore,SGP,2014,lit_female,95.0
Singapore,SGP,2013,lit_female,95.0
Singapore,SGP,2012,lit_female,94.0
Singapore,SGP,2011,lit_female,94.0
Singapore,SGP,2010,lit_female,94.0
Singapore,SGP,2000,lit_female,89.0
Singapore,SGP,1990,lit_female,83.0
Slovenia,SVN,2001,lit_female,99.5999984741211
Slovenia,SVN,1991,lit_female,99.0
Solomon Islands,SLB,1999,lit_female,69.0
South Africa,ZAF,2019,lit_female,95.0
South Africa,ZAF,2017,lit_female,86.0
South Africa,ZAF,2016,lit_female,91.9364700317383
South Africa,ZAF,2015,lit_female,93.0
South Africa,ZAF,2014,lit_female,93.0
South Africa,ZAF,2012,lit_female,93.0
South Africa,ZAF,2011,lit_female,92.0
South Africa,ZAF,2010,lit_female,92.0
South Africa,ZAF,2009,lit_female,92.0
South Africa,ZAF,2007,lit_female,87.0
South Africa,ZAF,1996,lit_female,81.0
South Sudan,SSD,2018,lit_female,28.8642597198486
South Sudan,SSD,2008,lit_female,19.0
Spain,ESP,2018,lit_female,98.0
Spain,ESP,2016,lit_female,98.0
Spain,ESP,2015,lit_female,98.0
Spain,ESP,2014,lit_female,97.0
Spain,ESP,2013,lit_female,97.0
Spain,ESP,2012,lit_female,97.0
Spain,ESP,2011,lit_female,97.0
Spain,ESP,2010,lit_female,97.0
Spain,ESP,2009,lit_female,97.0
Spain,ESP,2008,lit_female,97.0
Spain,ESP,2007,lit_female,97.0
Spain,ESP,2006,lit_female,97.0
Spain,ESP,2005,lit_female,97.0
Spain,ESP,2004,lit_female,96.0
Spain,ESP,1991,lit_female,95.0
Sri Lanka,LKA,2019,lit_female,92.0
Sri Lanka,LKA,2018,lit_female,91.0
Sri Lanka,LKA,2017,lit_female,91.0
Sri Lanka,LKA,2016,lit_female,91.0
Sri Lanka,LKA,2010,lit_female,90.0
Sri Lanka,LKA,2008,lit_female,89.0
Sri Lanka,LKA,2006,lit_female,89.0
Sri Lanka,LKA,2001,lit_female,89.0
Sudan,SDN,2018,lit_female,56.0632286071777
Sudan,SDN,2008,lit_female,47.0
Sudan,SDN,2000,lit_female,52.0
Suriname,SUR,2012,lit_female,91.0
Suriname,SUR,2010,lit_female,94.0
Suriname,SUR,2008,lit_female,94.0
Suriname,SUR,2004,lit_female,87.0
Syrian Arab Republic,SYR,2014,lit_female,80.9000015258789
Syrian Arab Republic,SYR,2004,lit_female,74.0
Syrian Arab Republic,SYR,2002,lit_female,74.0
Tajikistan,TJK,2017,lit_female,94.6219482421875
Tajikistan,TJK,2010,lit_female,99.5999984741211
Tajikistan,TJK,2000,lit_female,99.0
Tanzania,TZA,2015,lit_female,73.0
Tanzania,TZA,2012,lit_female,73.0
Tanzania,TZA,2010,lit_female,60.7526206970215
Tanzania,TZA,2002,lit_female,62.0
Thailand,THA,2019,lit_female,90.1832962036133
Thailand,THA,2018,lit_female,92.0
Thailand,THA,2016,lit_female,92.681022644043
Thailand,THA,2015,lit_female,91.0
Thailand,THA,2013,lit_female,92.0
Thailand,THA,2010,lit_female,96.0
Thailand,THA,2005,lit_female,92.0
Thailand,THA,2000,lit_female,91.0
Timor-Leste,TLS,2016,lit_female,59.6047592163086
Timor-Leste,TLS,2010,lit_female,53.0
Timor-Leste,TLS,2007,lit_female,43.0
Timor-Leste,TLS,2001,lit_female,30.0
Togo,TGO,2019,lit_female,55.0
Togo,TGO,2015,lit_female,51.0
Togo,TGO,2011,lit_female,48.0
Togo,TGO,2009,lit_female,44.0
Togo,TGO,2006,lit_female,44.0
Togo,TGO,2000,lit_female,38.0
Tonga,TON,2019,lit_female,97.5791702270508
Tonga,TON,2011,lit_female,99.0
Tonga,TON,2006,lit_female,99.0
Tonga,TON,1996,lit_female,99.0
Trinidad and Tobago,TTO,2000,lit_female,97.0999984741211
Trinidad and Tobago,TTO,1990,lit_female,96.0
Tunisia,TUN,2019,lit_female,74.0
Tunisia,TUN,2018,lit_female,71.5483627319336
Tunisia,TUN,2014,lit_female,72.0
Tunisia,TUN,2012,lit_female,72.0
Tunisia,TUN,2011,lit_female,72.0
Tunisia,TUN,2010,lit_female,71.0
Tunisia,TUN,2008,lit_female,69.0
Tunisia,TUN,2007,lit_female,69.0
Tunisia,TUN,2004,lit_female,65.0
Turkiye,TUR,2019,lit_female,94.0
Turkiye,TUR,2017,lit_female,93.0
Turkiye,TUR,2016,lit_female,93.0
Turkiye,TUR,2015,lit_female,93.0
Turkiye,TUR,2014,lit_female,92.0
Turkiye,TUR,2013,lit_female,92.0
Turkiye,TUR,2012,lit_female,92.0
Turkiye,TUR,2011,lit_female,90.0
Turkiye,TUR,2010,lit_female,88.0
Turkiye,TUR,2009,lit_female,85.0
Turkiye,TUR,2007,lit_female,81.0
Turkiye,TUR,2006,lit_female,80.0
Turkiye,TUR,2005,lit_female,81.0
Turkiye,TUR,2004,lit_female,80.0
Turkiye,TUR,1990,lit_female,69.0
Turkmenistan,TKM,2019,lit_female,99.6492919921875
Turkmenistan,TKM,2005,lit_female,99.1999969482422
Turkmenistan,TKM,1995,lit_female,98.0
Uganda,UGA,2016,lit_female,60.9974403381348
Uganda,UGA,2012,lit_female,62.0
Uganda,UGA,2010,lit_female,65.0
Uganda,UGA,2006,lit_female,62.0
Uganda,UGA,2002,lit_female,59.0
Uganda,UGA,1991,lit_female,45.0
Ukraine,UKR,2012,lit_female,99.9581985473633
Ukraine,UKR,2001,lit_female,99.0
United Arab Emirates,ARE,2019,lit_female,97.0
United Arab Emirates,ARE,2005,lit_female,91.0
Uruguay,URY,2019,lit_female,99.0
Uruguay,URY,2018,lit_female,99.0
Uruguay,URY,2017,lit_female,99.0
Uruguay,URY,2016,lit_female,99.0
Uruguay,URY,2015,lit_female,99.0
Uruguay,URY,2014,lit_female,99.0
Uruguay,URY,2013,lit_female,99.0
Uruguay,URY,2012,lit_female,99.0
Uruguay,URY,2011,lit_female,99.0
Uruguay,URY,2010,lit_female,98.0
Uruguay,URY,2009,lit_female,99.0
Uruguay,URY,2008,lit_female,98.0
Uruguay,URY,2007,lit_female,98.0
Uruguay,URY,2006,lit_female,98.0
Uruguay,URY,1996,lit_female,97.0
Uzbekistan,UZB,2019,lit_female,100.0
Uzbekistan,UZB,2018,lit_female,100.0
Uzbekistan,UZB,2016,lit_female,100.0
Uzbekistan,UZB,2015,lit_female,100.0
Uzbekistan,UZB,2014,lit_female,100.0
Uzbekistan,UZB,2013,lit_female,100.0
Uzbekistan,UZB,2000,lit_female,98.0
Vanuatu,VUT,2014,lit_female,83.1999969482422
Vanuatu,VUT,2004,lit_female,76.1999969482422
Vanuatu,VUT,1994,lit_female,65.5999984741211
Viet Nam,VNM,2019,lit_female,95.0
Viet Nam,VNM,2009,lit_female,91.0
Viet Nam,VNM,2000,lit_female,87.0
Viet Nam,VNM,1999,lit_female,87.0
Zambia,ZMB,2018,lit_female,62.1824989318848
Zambia,ZMB,2010,lit_female,78.0
Zambia,ZMB,2007,lit_female,51.7869682312012
Zambia,ZMB,2002,lit_female,62.0
Zambia,ZMB,1999,lit_female,60.0
Zambia,ZMB,1990,lit_female,57.0
Zimbabwe,ZWE,2019,lit_female,93.3581237792969
Zimbabwe,ZWE,2014,lit_female,88.2838287353516
Zimbabwe,ZWE,2011,lit_female,80.0656585693359
Zimbabwe,ZWE,1992,lit_female,79.0
Afghanistan,AFG,2015,lit_male,50.212100982666
Afghanistan,AFG,2011,lit_male,45.0
Albania,ALB,2017,lit_male,98.5719985961914
Albania,ALB,2012,lit_male,98.0
Albania,ALB,2011,lit_male,98.0
Albania,ALB,2008,lit_male,97.0
Albania,ALB,2001,lit_male,99.0
Algeria,DZA,2018,lit_male,87.4229583740234
Algeria,DZA,2008,lit_male,83.0
Algeria,DZA,2006,lit_male,81.0
Algeria,DZA,2002,lit_male,79.0
Angola,AGO,2015,lit_male,83.7727737426758
Angola,AGO,2014,lit_male,80.0
Angola,AGO,2001,lit_male,83.0
Antigua and Barbuda,ATG,2001,lit_male,98.0
Argentina,ARG,2001,lit_male,97.0
Argentina,ARG,1991,lit_male,96.0
Armenia,ARM,2017,lit_male,100.0
Armenia,ARM,2016,lit_male,100.0
Armenia,ARM,2011,lit_male,100.0
Armenia,ARM,2001,lit_male,100.0
Aruba,ABW,2010,lit_male,97.0
Aruba,ABW,2000,lit_male,98.0
Azerbaijan,AZE,2019,lit_male,100.0
Azerbaijan,AZE,2017,lit_male,100.0
Azerbaijan,AZE,2016,lit_male,100.0
Azerbaijan,AZE,2015,lit_male,100.0
Azerbaijan,AZE,2014,lit_male,100.0
Azerbaijan,AZE,2013,lit_male,100.0
Azerbaijan,AZE,2012,lit_male,100.0
Azerbaijan,AZE,2011,lit_male,100.0
Azerbaijan,AZE,2010,lit_male,100.0
Azerbaijan,AZE,2009,lit_male,100.0
Azerbaijan,AZE,2007,lit_male,100.0
Azerbaijan,AZE,1999,lit_male,99.0
Bahrain,BHR,2011,lit_male,93.0999984741211
Bahrain,BHR,2001,lit_male,89.0
Bahrain,BHR,1991,lit_male,89.0
Bangladesh,BGD,2019,lit_male,77.0
Bangladesh,BGD,2018,lit_male,77.0
Bangladesh,BGD,2017,lit_male,76.0
Bangladesh,BGD,2016,lit_male,76.0
Bangladesh,BGD,2015,lit_male,68.0
Bangladesh,BGD,2014,lit_male,64.0
Bangladesh,BGD,2013,lit_male,64.0
Bangladesh,BGD,2012,lit_male,62.0
Bangladesh,BGD,2011,lit_male,62.0
Bangladesh,BGD,2007,lit_male,49.8323287963867
Bangladesh,BGD,2001,lit_male,54.0
Bangladesh,BGD,1991,lit_male,44.0
Belarus,BLR,2019,lit_male,100.0
Belarus,BLR,2009,lit_male,100.0
Belarus,BLR,1999,lit_male,100.0
Belize,BLZ,2015,lit_male,90.1562881469727
Belize,BLZ,2001,lit_male,80.4000015258789
Belize,BLZ,1991,lit_male,70.0
Benin,BEN,2017,lit_male,51.0525016784668
Benin,BEN,2012,lit_male,44.9602584838867
Benin,BEN,2006,lit_male,40.6161689758301
Benin,BEN,2002,lit_male,48.0
Benin,BEN,1992,lit_male,40.0
Bhutan,BTN,2017,lit_male,75.0
Bhutan,BTN,2012,lit_male,66.0
Bhutan,BTN,2005,lit_male,65.0
Bolivia,BOL,2015,lit_male,97.0
Bolivia,BOL,2012,lit_male,97.0
Bolivia,BOL,2011,lit_male,97.0
Bolivia,BOL,2009,lit_male,96.0
Bolivia,BOL,2008,lit_male,95.0
Bolivia,BOL,2007,lit_male,96.0
Bolivia,BOL,2001,lit_male,93.0
Bolivia,BOL,1992,lit_male,88.0
Bosnia and Herzegovina,BIH,2013,lit_male,99.0
Bosnia and Herzegovina,BIH,2011,lit_male,99.5413284301758
Bosnia and Herzegovina,BIH,2000,lit_male,99.0
Bosnia and Herzegovina,BIH,1991,lit_male,96.0
Botswana,BWA,2013,lit_male,86.1221389770508
Botswana,BWA,2003,lit_male,80.0
Botswana,BWA,1991,lit_male,65.0
Brazil,BRA,2018,lit_male,93.0
Brazil,BRA,2017,lit_male,93.0
Brazil,BRA,2016,lit_male,93.0
Brazil,BRA,2015,lit_male,92.0
Brazil,BRA,2014,lit_male,91.0
Brazil,BRA,2013,lit_male,91.0
Brazil,BRA,2012,lit_male,91.0
Brazil,BRA,2011,lit_male,91.0
Brazil,BRA,2010,lit_male,90.0
Brazil,BRA,2009,lit_male,90.0
Brazil,BRA,2008,lit_male,90.0
Brazil,BRA,2007,lit_male,90.0
Brazil,BRA,2006,lit_male,89.0
Brazil,BRA,2004,lit_male,88.0
Brazil,BRA,2000,lit_male,86.0
Brunei Darussalam,BRN,2011,lit_male,97.0
Brunei Darussalam,BRN,2001,lit_male,95.0
Brunei Darussalam,BRN,1991,lit_male,92.0
Bulgaria,BGR,2011,lit_male,99.0
Bulgaria,BGR,2001,lit_male,99.0
Burkina Faso,BFA,2019,lit_male,35.0
Burkina Faso,BFA,2018,lit_male,49.0
Burkina Faso,BFA,2014,lit_male,44.0
Burkina Faso,BFA,2007,lit_male,37.0
Burkina Faso,BFA,2006,lit_male,30.0
Burkina Faso,BFA,2005,lit_male,31.0
Burkina Faso,BFA,2003,lit_male,29.0
Burkina Faso,BFA,1996,lit_male,19.0
Burkina Faso,BFA,1991,lit_male,20.0
Burundi,BDI,2017,lit_male,76.0
Burundi,BDI,2016,lit_male,73.296989440918
Burundi,BDI,2014,lit_male,70.0
Burundi,BDI,2008,lit_male,53.0
Burundi,BDI,2000,lit_male,67.0
Burundi,BDI,1990,lit_male,48.0
Cabo Verde,CPV,2015,lit_male,92.0
Cabo Verde,CPV,2012,lit_male,90.0
Cabo Verde,CPV,2000,lit_male,83.8376083374023
Cabo Verde,CPV,1990,lit_male,75.0
Cambodia,KHM,2015,lit_male,87.0
Cambodia,KHM,2014,lit_male,85.0
Cambodia,KHM,2009,lit_male,84.0
Cambodia,KHM,2008,lit_male,85.0
Cambodia,KHM,2004,lit_male,85.0
Cambodia,KHM,1998,lit_male,79.0
Cameroon,CMR,2018,lit_male,79.7137908935547
Cameroon,CMR,2010,lit_male,78.0
Cameroon,CMR,2007,lit_male,79.0
Cameroon,CMR,2000,lit_male,79.0
Cayman Islands,CYM,2017,lit_male,99.0
Cayman Islands,CYM,2007,lit_male,99.0
Central African Republic,CAF,2019,lit_male,59.8423118591309
Central African Republic,CAF,2018,lit_male,50.0
Central African Republic,CAF,2010,lit_male,50.7127113342285
Central African Republic,CAF,2000,lit_male,67.0
Chad,TCD,2019,lit_male,44.5166893005371
Chad,TCD,2016,lit_male,31.0
Chad,TCD,2015,lit_male,38.9182014465332
Chad,TCD,2004,lit_male,39.0
Chad,TCD,2000,lit_male,41.0
Chad,TCD,1993,lit_male,18.0
Chile,CHL,2017,lit_male,96.0
Chile,CHL,2015,lit_male,97.0
Chile,CHL,2013,lit_male,96.0
Chile,CHL,2011,lit_male,97.0
Chile,CHL,2002,lit_male,96.0
Chile,CHL,1992,lit_male,95.0
China,CHN,2010,lit_male,97.0
China,CHN,2000,lit_male,95.0
China,CHN,1990,lit_male,87.0
Colombia,COL,2019,lit_male,95.0
Colombia,COL,2018,lit_male,95.0
Colombia,COL,2016,lit_male,94.0
Colombia,COL,2015,lit_male,94.0
Colombia,COL,2014,lit_male,94.0
Colombia,COL,2011,lit_male,93.0
Colombia,COL,2010,lit_male,93.0
Colombia,COL,2009,lit_male,93.0
Colombia,COL,2008,lit_male,93.0
Colombia,COL,2007,lit_male,92.0
Colombia,COL,2006,lit_male,92.0
Colombia,COL,2005,lit_male,93.0
Colombia,COL,2004,lit_male,93.0
Colombia,COL,1996,lit_male,91.0
Colombia,COL,1993,lit_male,91.0
Comoros,COM,2012,lit_male,56.4798011779785
Comoros,COM,2000,lit_male,75.0
Costa Rica,CRI,2011,lit_male,97.0
Costa Rica,CRI,2000,lit_male,95.0
Cote d'Ivoire,CIV,2019,lit_male,93.0
Cote d'Ivoire,CIV,2016,lit_male,59.6213798522949
Cote d'Ivoire,CIV,2014,lit_male,51.0
Cote d'Ivoire,CIV,2012,lit_male,51.5926704406738
Cote d'Ivoire,CIV,2000,lit_male,61.0
Cote d'Ivoire,CIV,1998,lit_male,44.0
Croatia,HRV,2001,lit_male,99.0
Croatia,HRV,1991,lit_male,99.0
Cuba,CUB,2019,lit_male,99.0333099365234
Cuba,CUB,2012,lit_male,100.0
Cuba,CUB,2002,lit_male,100.0
Cyprus,CYP,2011,lit_male,99.0
Cyprus,CYP,2001,lit_male,99.0
Cyprus,CYP,1992,lit_male,98.0
Dominican Republic,DOM,2016,lit_male,94.0
Dominican Republic,DOM,2015,lit_male,92.0
Dominican Republic,DOM,2014,lit_male,91.0
Dominican Republic,DOM,2013,lit_male,90.0
Dominican Republic,DOM,2012,lit_male,90.0
Dominican Republic,DOM,2011,lit_male,90.0
Dominican Republic,DOM,2010,lit_male,89.0
Dominican Republic,DOM,2007,lit_male,88.0
Dominican Republic,DOM,2002,lit_male,87.0
Ecuador,ECU,2017,lit_male,94.0
Ecuador,ECU,2016,lit_male,95.0
Ecuador,ECU,2015,lit_male,96.0
Ecuador,ECU,2014,lit_male,95.0
Ecuador,ECU,2013,lit_male,94.0
Ecuador,ECU,2012,lit_male,93.0
Ecuador,ECU,2011,lit_male,93.0
Ecuador,ECU,2010,lit_male,93.0
Ecuador,ECU,2009,lit_male,94.0
Ecuador,ECU,2008,lit_male,94.0
Ecuador,ECU,2007,lit_male,93.0
Ecuador,ECU,2001,lit_male,92.0
Ecuador,ECU,1990,lit_male,90.0
El Salvador,SLV,2019,lit_male,91.0
El Salvador,SLV,2018,lit_male,91.0
El Salvador,SLV,2017,lit_male,91.0
El Salvador,SLV,2016,lit_male,90.0
El Salvador,SLV,2015,lit_male,90.0
El Salvador,SLV,2013,lit_male,89.0
El Salvador,SLV,2011,lit_male,88.0
El Salvador,SLV,2010,lit_male,87.0
El Salvador,SLV,2009,lit_male,87.0
El Salvador,SLV,2008,lit_male,87.0
El Salvador,SLV,2007,lit_male,85.0
El Salvador,SLV,2006,lit_male,87.0
El Salvador,SLV,1992,lit_male,77.0
Equatorial Guinea,GNQ,2010,lit_male,97.1839981079102
Equatorial Guinea,GNQ,2000,lit_male,95.0
Eritrea,ERI,2018,lit_male,84.3732376098633
Eritrea,ERI,2008,lit_male,75.0
Eritrea,ERI,2002,lit_male,65.0
Estonia,EST,2011,lit_male,100.0
Estonia,EST,2000,lit_male,100.0
Eswatini,SWZ,2010,lit_male,83.900146484375
Eswatini,SWZ,2000,lit_male,83.0
Ethiopia,ETH,2017,lit_male,59.2414588928223
Ethiopia,ETH,2016,lit_male,62.5577697753906
Ethiopia,ETH,2007,lit_male,49.0
Ethiopia,ETH,2005,lit_male,41.9366188049316
Ethiopia,ETH,2004,lit_male,50.0
Ethiopia,ETH,1994,lit_male,36.0
Gabon,GAB,2012,lit_male,84.8732986450195
Gabon,GAB,1993,lit_male,79.0
Georgia,GEO,2018,lit_male,99.6598510742188
Georgia,GEO,2017,lit_male,99.0
Georgia,GEO,2014,lit_male,100.0
Georgia,GEO,2002,lit_male,100.0
Ghana,GHA,2017,lit_male,74.8940811157227
Ghana,GHA,2010,lit_male,78.0
Ghana,GHA,2000,lit_male,66.0
Greece,GRC,2009,lit_male,96.0
Greece,GRC,2001,lit_male,98.0
Greece,GRC,1991,lit_male,96.0
Guam,GUM,2000,lit_male,99.5599975585938
Guam,GUM,1990,lit_male,99.0
Guatemala,GTM,2018,lit_male,85.0
Guatemala,GTM,2015,lit_male,86.3035202026367
Guatemala,GTM,2014,lit_male,87.0
Guatemala,GTM,2013,lit_male,83.0
Guatemala,GTM,2012,lit_male,85.0
Guatemala,GTM,2002,lit_male,75.0
Guatemala,GTM,1994,lit_male,72.0
Guinea,GIN,2018,lit_male,54.0
Guinea,GIN,2014,lit_male,44.0
Guinea,GIN,2010,lit_male,37.0
Guinea,GIN,2003,lit_male,43.0
Guinea,GIN,1996,lit_male,33.0
Guinea-Bissau,GNB,2019,lit_male,71.3431701660156
Guinea-Bissau,GNB,2014,lit_male,62.1579704284668
Guinea-Bissau,GNB,2000,lit_male,58.0
Guyana,GUY,2014,lit_male,86.3143768310547
Guyana,GUY,2009,lit_male,82.4365615844727
Haiti,HTI,2017,lit_male,72.9387283325195
Haiti,HTI,2016,lit_male,65.2776489257812
Haiti,HTI,2006,lit_male,53.3550491333008
Haiti,HTI,2003,lit_male,63.0
Honduras,HND,2019,lit_male,88.0
Honduras,HND,2018,lit_male,87.0
Honduras,HND,2016,lit_male,89.0
Honduras,HND,2015,lit_male,88.0
Honduras,HND,2014,lit_male,87.0
Honduras,HND,2013,lit_male,86.0
Honduras,HND,2012,lit_male,86.0
Honduras,HND,2011,lit_male,85.0
Honduras,HND,2010,lit_male,85.0
Honduras,HND,2007,lit_male,84.0
Honduras,HND,2001,lit_male,80.0
Hungary,HUN,1990,lit_male,99.3000030517578
India,IND,2011,lit_male,79.0
India,IND,2006,lit_male,75.0
India,IND,2001,lit_male,73.0
India,IND,1991,lit_male,62.0
Indonesia,IDN,2018,lit_male,97.0
Indonesia,IDN,2016,lit_male,97.0
Indonesia,IDN,2015,lit_male,97.0
Indonesia,IDN,2014,lit_male,97.0
Indonesia,IDN,2011,lit_male,96.0
Indonesia,IDN,2009,lit_male,96.0
Indonesia,IDN,2008,lit_male,95.0
Indonesia,IDN,2006,lit_male,95.0
Indonesia,IDN,2004,lit_male,94.0
Indonesia,IDN,1990,lit_male,88.0
Iraq,IRQ,2017,lit_male,91.0
Iraq,IRQ,2016,lit_male,90.0
Iraq,IRQ,2014,lit_male,90.0
Iraq,IRQ,2012,lit_male,86.0
Iraq,IRQ,2000,lit_male,84.0
Italy,ITA,2019,lit_male,99.0
Italy,ITA,2011,lit_male,99.0
Italy,ITA,2001,lit_male,99.0
Jamaica,JAM,1999,lit_male,74.0
Jordan,JOR,2018,lit_male,96.7476425170898
Jordan,JOR,2012,lit_male,98.0
Jordan,JOR,2011,lit_male,98.0
Jordan,JOR,2010,lit_male,96.0
Jordan,JOR,2007,lit_male,95.0
Jordan,JOR,2005,lit_male,95.0
Jordan,JOR,2003,lit_male,95.0
Kazakhstan,KAZ,2010,lit_male,99.8296813964844
Kazakhstan,KAZ,2009,lit_male,100.0
Kazakhstan,KAZ,1999,lit_male,100.0
Kenya,KEN,2014,lit_male,83.7780303955078
Kenya,KEN,2007,lit_male,78.0791473388672
Kenya,KEN,2000,lit_male,87.0
Kiribati,KIR,2018,lit_male,97.2537002563477
Kuwait,KWT,2018,lit_male,97.0
Kuwait,KWT,2017,lit_male,97.0
Kuwait,KWT,2015,lit_male,96.0
Kuwait,KWT,2013,lit_male,96.0
Kuwait,KWT,2012,lit_male,96.0
Kuwait,KWT,2010,lit_male,96.0
Kuwait,KWT,2008,lit_male,95.0
Kuwait,KWT,2007,lit_male,95.0
Kuwait,KWT,2006,lit_male,95.0
Kuwait,KWT,2005,lit_male,94.0
Kuwait,KWT,1995,lit_male,81.0
Kyrgyz Republic,KGZ,2019,lit_male,99.6999969482422
Kyrgyz Republic,KGZ,2009,lit_male,100.0
Kyrgyz Republic,KGZ,1999,lit_male,99.0
Latvia,LVA,2011,lit_male,100.0
Latvia,LVA,2000,lit_male,100.0
Lebanon,LBN,2018,lit_male,95.0
Lebanon,LBN,2009,lit_male,94.0
Lebanon,LBN,2007,lit_male,93.0
Lesotho,LSO,2018,lit_male,80.2302474975586
Lesotho,LSO,2014,lit_male,67.7474670410156
Lesotho,LSO,2009,lit_male,65.5219573974609
Lesotho,LSO,2000,lit_male,80.0
Liberia,LBR,2017,lit_male,62.6965599060059
Liberia,LBR,2007,lit_male,60.7748107910156
Libya,LBY,1994,lit_male,87.7200012207031
Lithuania,LTU,2011,lit_male,100.0
Lithuania,LTU,2001,lit_male,100.0
Madagascar,MDG,2018,lit_male,78.0
Madagascar,MDG,2012,lit_male,75.0
Madagascar,MDG,2009,lit_male,67.4173126220703
Madagascar,MDG,2005,lit_male,63.0
Madagascar,MDG,2000,lit_male,77.0
Malawi,MWI,2015,lit_male,69.7539672851562
Malawi,MWI,2014,lit_male,75.9792633056641
Malawi,MWI,2010,lit_male,72.0976486206055
Malawi,MWI,1998,lit_male,75.0
Malaysia,MYS,2019,lit_male,96.0
Malaysia,MYS,2018,lit_male,96.0
Malaysia,MYS,2017,lit_male,96.0
Malaysia,MYS,2016,lit_male,96.0
Malaysia,MYS,2010,lit_male,95.0
Malaysia,MYS,1991,lit_male,89.0
Maldives,MDV,2019,lit_male,98.1620635986328
Maldives,MDV,2017,lit_male,93.984489440918
Maldives,MDV,2016,lit_male,97.0
Maldives,MDV,2014,lit_male,99.0
Maldives,MDV,2006,lit_male,98.0
Maldives,MDV,2000,lit_male,96.0
Maldives,MDV,1995,lit_male,96.0
Maldives,MDV,1990,lit_male,96.0
Mali,MLI,2018,lit_male,46.0
Mali,MLI,2015,lit_male,45.0
Mali,MLI,2011,lit_male,44.0
Mali,MLI,2010,lit_male,43.0
Mali,MLI,2006,lit_male,35.0
Mali,MLI,2003,lit_male,33.0
Mali,MLI,1998,lit_male,27.0
Malta,MLT,2011,lit_male,92.0
Malta,MLT,2005,lit_male,91.0
Malta,MLT,1995,lit_male,86.0
Marshall Islands,MHL,2011,lit_male,98.0
Mauritania,MRT,2015,lit_male,75.4096374511719
Mauritania,MRT,2013,lit_male,68.0
Mauritania,MRT,2007,lit_male,57.4043807983398
Mauritania,MRT,2000,lit_male,60.0
Mauritius,MUS,2016,lit_male,95.0
Mauritius,MUS,2015,lit_male,95.0
Mauritius,MUS,2014,lit_male,95.0
Mauritius,MUS,2013,lit_male,94.0
Mauritius,MUS,2012,lit_male,95.0
Mauritius,MUS,2011,lit_male,92.0
Mauritius,MUS,2000,lit_male,88.0
Mauritius,MUS,1990,lit_male,85.0
Mexico,MEX,2018,lit_male,96.0
Mexico,MEX,2017,lit_male,96.0
Mexico,MEX,2016,lit_male,96.0
Mexico,MEX,2015,lit_male,96.0
Mexico,MEX,2014,lit_male,96.0
Mexico,MEX,2013,lit_male,95.0
Mexico,MEX,2012,lit_male,95.0
Mexico,MEX,2011,lit_male,95.0
Mexico,MEX,2010,lit_male,94.0
Mexico,MEX,2009,lit_male,95.0
Mexico,MEX,2008,lit_male,95.0
Mexico,MEX,2007,lit_male,94.0
Mexico,MEX,2006,lit_male,94.0
Mexico,MEX,2005,lit_male,93.0
Mexico,MEX,2004,lit_male,92.0
Mexico,MEX,2002,lit_male,92.0
Mexico,MEX,2000,lit_male,93.0
Mexico,MEX,1990,lit_male,90.0
Moldova,MDA,2014,lit_male,100.0
Moldova,MDA,2000,lit_male,98.0
Mongolia,MNG,2018,lit_male,95.674919128418
Mongolia,MNG,2010,lit_male,98.0
Mongolia,MNG,2000,lit_male,98.0
Montenegro,MNE,2018,lit_male,99.1475830078125
Montenegro,MNE,2011,lit_male,99.0
Montenegro,MNE,2003,lit_male,99.0
Montenegro,MNE,1991,lit_male,89.0
Morocco,MAR,2014,lit_male,75.0
Morocco,MAR,2012,lit_male,80.0
Morocco,MAR,2011,lit_male,76.0
Morocco,MAR,2009,lit_male,69.0
Morocco,MAR,2008,lit_male,68.0
Morocco,MAR,2004,lit_male,66.0
Morocco,MAR,1994,lit_male,55.0
Mozambique,MOZ,2017,lit_male,73.0
Mozambique,MOZ,2015,lit_male,71.0
Mozambique,MOZ,2009,lit_male,67.0
Mozambique,MOZ,2003,lit_male,66.0
Mozambique,MOZ,1997,lit_male,55.0
Myanmar,MMR,2019,lit_male,92.0
Myanmar,MMR,2016,lit_male,80.011589050293
Myanmar,MMR,2000,lit_male,94.0
Namibia,NAM,2011,lit_male,89.0
Namibia,NAM,2007,lit_male,74.3283462524414
Namibia,NAM,2001,lit_male,87.0
Namibia,NAM,1991,lit_male,78.0
Nepal,NPL,2019,lit_male,79.7474136352539
Nepal,NPL,2016,lit_male,78.2913436889648
Nepal,NPL,2011,lit_male,72.0
Nepal,NPL,2001,lit_male,63.0
Nepal,NPL,1991,lit_male,49.0
New Caledonia,NCL,2006,lit_male,97.8000030517578
New Caledonia,NCL,1996,lit_male,97.0
Nicaragua,NIC,2015,lit_male,82.4385528564453
Nicaragua,NIC,2005,lit_male,78.0
Nicaragua,NIC,2001,lit_male,77.0
Niger,NGA,2012,lit_male,39.0
Niger,NGA,2005,lit_male,43.0
Niger,NGA,2001,lit_male,20.0
Nigeria,NGA,2018,lit_male,71.2557067871094
Nigeria,NGA,2016,lit_male,68.1194305419922
Nigeria,NGA,2008,lit_male,61.2540512084961
Nigeria,NGA,2006,lit_male,76.0
Nigeria,NGA,2003,lit_male,67.0
Nigeria,NGA,1991,lit_male,68.0
North Macedonia,MKD,2012,lit_male,98.6999969482422
North Macedonia,MKD,2002,lit_male,98.0
North Macedonia,MKD,1994,lit_male,97.0
Oman,OMN,2018,lit_male,97.0
Oman,OMN,2017,lit_male,97.0
Oman,OMN,2015,lit_male,97.0
Oman,OMN,2010,lit_male,90.0
Oman,OMN,2008,lit_male,90.0
Oman,OMN,2003,lit_male,87.0
Pakistan,PAK,2019,lit_male,69.0
Pakistan,PAK,2018,lit_male,69.0
Pakistan,PAK,2017,lit_male,71.0
Pakistan,PAK,2014,lit_male,69.0
Pakistan,PAK,2013,lit_male,69.0
Pakistan,PAK,2012,lit_male,70.0
Pakistan,PAK,2011,lit_male,67.0
Pakistan,PAK,2010,lit_male,69.0
Pakistan,PAK,2009,lit_male,69.0
Pakistan,PAK,2008,lit_male,69.0
Pakistan,PAK,2007,lit_male,65.0
Pakistan,PAK,2006,lit_male,68.0
Pakistan,PAK,2005,lit_male,64.0
Pakistan,PAK,1998,lit_male,55.0
Palau,PLW,2015,lit_male,97.0
Palau,PLW,2013,lit_male,99.0
Panama,PAN,2019,lit_male,96.0
Panama,PAN,2018,lit_male,96.0
Panama,PAN,2010,lit_male,95.0
Panama,PAN,2000,lit_male,93.0
Panama,PAN,1990,lit_male,89.0
Papua New Guinea,PNG,2017,lit_male,78.3610763549805
Papua New Guinea,PNG,2010,lit_male,65.2900009155273
Papua New Guinea,PNG,2000,lit_male,63.0
Paraguay,PRY,2019,lit_male,94.0
Paraguay,PRY,2018,lit_male,95.0
Paraguay,PRY,2016,lit_male,95.0
Paraguay,PRY,2015,lit_male,96.0
Paraguay,PRY,2014,lit_male,96.0
Paraguay,PRY,2013,lit_male,96.0
Paraguay,PRY,2012,lit_male,95.0
Paraguay,PRY,2010,lit_male,95.0
Paraguay,PRY,2009,lit_male,94.0
Paraguay,PRY,2008,lit_male,94.0
Paraguay,PRY,2007,lit_male,96.0
Paraguay,PRY,1992,lit_male,92.0
Peru,PER,2018,lit_male,97.0
Peru,PER,2017,lit_male,97.0
Peru,PER,2016,lit_male,97.0
Peru,PER,2015,lit_male,97.0
Peru,PER,2014,lit_male,97.0
Peru,PER,2012,lit_male,97.0
Peru,PER,2007,lit_male,95.0
Peru,PER,2006,lit_male,94.0
Peru,PER,2005,lit_male,94.0
Peru,PER,2004,lit_male,93.0
Peru,PER,1993,lit_male,93.0
Philippines,PHL,2019,lit_male,96.0
Philippines,PHL,2015,lit_male,98.0
Philippines,PHL,2013,lit_male,96.0
Philippines,PHL,2008,lit_male,95.0
Philippines,PHL,2003,lit_male,92.0
Philippines,PHL,2000,lit_male,93.0
Philippines,PHL,1994,lit_male,93.0
Philippines,PHL,1990,lit_male,94.0
Portugal,PRT,2011,lit_male,96.0
Portugal,PRT,1991,lit_male,92.0
Puerto Rico,PRI,2017,lit_male,92.0
Puerto Rico,PRI,2010,lit_male,91.0
Puerto Rico,PRI,1990,lit_male,90.0
Qatar,QAT,2014,lit_male,98.0
Qatar,QAT,2013,lit_male,98.0
Qatar,QAT,2012,lit_male,97.0
Qatar,QAT,2011,lit_male,97.0
Qatar,QAT,2010,lit_male,97.0
Qatar,QAT,2009,lit_male,95.0
Qatar,QAT,2008,lit_male,94.0
Qatar,QAT,2007,lit_male,94.0
Qatar,QAT,2004,lit_male,89.0
Qatar,QAT,1997,lit_male,84.0
Romania,ROU,2011,lit_male,99.0
Romania,ROU,2002,lit_male,98.0
Romania,ROU,1992,lit_male,99.0
Russian Federation,RUS,2010,lit_male,100.0
Russian Federation,RUS,2002,lit_male,100.0
Rwanda,RWA,2018,lit_male,78.0
Rwanda,RWA,2014,lit_male,76.0
Rwanda,RWA,2012,lit_male,72.0
Rwanda,RWA,2010,lit_male,71.1305389404297
Rwanda,RWA,2000,lit_male,71.0
Samoa,WSM,2019,lit_male,98.3150177001953
Samoa,WSM,2011,lit_male,99.0
Samoa,WSM,1991,lit_male,98.0
Sao Tome and Principe,STP,2019,lit_male,92.5018310546875
Sao Tome and Principe,STP,2012,lit_male,95.0
Sao Tome and Principe,STP,2008,lit_male,80.3302383422852
Sao Tome and Principe,STP,2001,lit_male,92.0
Sao Tome and Principe,STP,1991,lit_male,85.0
Saudi Arabia,SAU,2017,lit_male,97.0
Saudi Arabia,SAU,2013,lit_male,97.0
Saudi Arabia,SAU,2004,lit_male,88.0
Saudi Arabia,SAU,2000,lit_male,87.0
Saudi Arabia,SAU,1992,lit_male,80.0
Senegal,SEN,2019,lit_male,57.4714088439941
Senegal,SEN,2018,lit_male,54.4713897705078
Senegal,SEN,2017,lit_male,65.0
Senegal,SEN,2016,lit_male,56.8072700500488
Senegal,SEN,2015,lit_male,54.1778411865234
Senegal,SEN,2013,lit_male,54.0
Senegal,SEN,2011,lit_male,66.0
Senegal,SEN,2009,lit_male,60.0
Senegal,SEN,2006,lit_male,52.0
Senegal,SEN,2002,lit_male,51.0
Serbia,SRB,2019,lit_male,100.0
Serbia,SRB,2016,lit_male,99.0
Serbia,SRB,2011,lit_male,99.0
Serbia,SRB,2003,lit_male,99.0
Seychelles,SYC,2010,lit_male,93.0
Seychelles,SYC,2002,lit_male,91.0
Seychelles,SYC,1994,lit_male,87.0
Sierra Leone,SLE,2019,lit_male,54.5951309204102
Sierra Leone,SLE,2017,lit_male,54.8100090026855
Sierra Leone,SLE,2013,lit_male,41.3321685791016
Sierra Leone,SLE,2004,lit_male,47.0
Singapore,SGP,2019,lit_male,99.0
Singapore,SGP,2018,lit_male,99.0
Singapore,SGP,2017,lit_male,99.0
Singapore,SGP,2016,lit_male,99.0
Singapore,SGP,2015,lit_male,99.0
Singapore,SGP,2014,lit_male,99.0
Singapore,SGP,2013,lit_male,99.0
Singapore,SGP,2012,lit_male,98.0
Singapore,SGP,2011,lit_male,98.0
Singapore,SGP,2010,lit_male,98.0
Singapore,SGP,2000,lit_male,97.0
Singapore,SGP,1990,lit_male,95.0
Slovenia,SVN,2001,lit_male,99.6999969482422
Slovenia,SVN,1991,lit_male,100.0
Solomon Islands,SLB,1999,lit_male,84.0
South Africa,ZAF,2019,lit_male,96.0
South Africa,ZAF,2017,lit_male,88.0
South Africa,ZAF,2016,lit_male,91.5023574829102
South Africa,ZAF,2015,lit_male,95.0
South Africa,ZAF,2014,lit_male,95.0
South Africa,ZAF,2012,lit_male,95.0
South Africa,ZAF,2011,lit_male,94.0
South Africa,ZAF,2010,lit_male,94.0
South Africa,ZAF,2009,lit_male,94.0
South Africa,ZAF,2007,lit_male,91.0
South Africa,ZAF,1996,lit_male,84.0
South Sudan,SSD,2018,lit_male,40.2648086547852
South Sudan,SSD,2008,lit_male,35.0
Spain,ESP,2018,lit_male,99.0
Spain,ESP,2016,lit_male,99.0
Spain,ESP,2015,lit_male,99.0
Spain,ESP,2014,lit_male,99.0
Spain,ESP,2013,lit_male,99.0
Spain,ESP,2012,lit_male,99.0
Spain,ESP,2011,lit_male,99.0
Spain,ESP,2010,lit_male,99.0
Spain,ESP,2009,lit_male,98.0
Spain,ESP,2008,lit_male,98.0
Spain,ESP,2007,lit_male,99.0
Spain,ESP,2006,lit_male,99.0
Spain,ESP,2005,lit_male,99.0
Spain,ESP,2004,lit_male,98.0
Spain,ESP,1991,lit_male,98.0
Sri Lanka,LKA,2019,lit_male,93.0
Sri Lanka,LKA,2018,lit_male,93.0
Sri Lanka,LKA,2017,lit_male,93.0
Sri Lanka,LKA,2016,lit_male,93.0
Sri Lanka,LKA,2010,lit_male,93.0
Sri Lanka,LKA,2008,lit_male,92.0
Sri Lanka,LKA,2006,lit_male,93.0
Sri Lanka,LKA,2001,lit_male,92.0
Sudan,SDN,2018,lit_male,65.4351501464844
Sudan,SDN,2008,lit_male,60.0
Sudan,SDN,2000,lit_male,72.0
Suriname,SUR,2012,lit_male,95.0
Suriname,SUR,2010,lit_male,95.0
Suriname,SUR,2008,lit_male,95.0
Suriname,SUR,2004,lit_male,92.0
Syrian Arab Republic,SYR,2014,lit_male,91.5999984741211
Syrian Arab Republic,SYR,2004,lit_male,88.0
Syrian Arab Republic,SYR,2002,lit_male,91.0
Tajikistan,TJK,2010,lit_male,99.8000030517578
Tajikistan,TJK,2000,lit_male,100.0
Tanzania,TZA,2015,lit_male,83.0
Tanzania,TZA,2012,lit_male,83.0
Tanzania,TZA,2010,lit_male,75.4677963256836
Tanzania,TZA,2002,lit_male,78.0
Thailand,THA,2019,lit_male,92.4735336303711
Thailand,THA,2018,lit_male,95.0
Thailand,THA,2016,lit_male,91.1963195800781
Thailand,THA,2015,lit_male,95.0
Thailand,THA,2013,lit_male,95.0
Thailand,THA,2010,lit_male,96.0
Thailand,THA,2005,lit_male,96.0
Thailand,THA,2000,lit_male,95.0
Timor-Leste,TLS,2016,lit_male,72.1798477172852
Timor-Leste,TLS,2010,lit_male,64.0
Timor-Leste,TLS,2007,lit_male,59.0
Timor-Leste,TLS,2001,lit_male,45.0
Togo,TGO,2019,lit_male,80.0
Togo,TGO,2015,lit_male,77.0
Togo,TGO,2011,lit_male,74.0
Togo,TGO,2009,lit_male,71.0
Togo,TGO,2006,lit_male,70.0
Togo,TGO,2000,lit_male,69.0
Tonga,TON,2019,lit_male,83.8166809082031
Tonga,TON,2011,lit_male,99.0
Tonga,TON,2006,lit_male,99.0
Tonga,TON,1996,lit_male,99.0
Trinidad and Tobago,TTO,2000,lit_male,98.75
Trinidad and Tobago,TTO,1990,lit_male,98.0
Tunisia,TUN,2019,lit_male,88.0
Tunisia,TUN,2018,lit_male,87.7468414306641
Tunisia,TUN,2014,lit_male,86.0
Tunisia,TUN,2012,lit_male,88.0
Tunisia,TUN,2011,lit_male,88.0
Tunisia,TUN,2010,lit_male,87.0
Tunisia,TUN,2008,lit_male,86.0
Tunisia,TUN,2007,lit_male,86.0
Tunisia,TUN,2004,lit_male,83.0
Turkiye,TUR,2019,lit_male,99.0
Turkiye,TUR,2017,lit_male,99.0
Turkiye,TUR,2016,lit_male,99.0
Turkiye,TUR,2015,lit_male,99.0
Turkiye,TUR,2014,lit_male,98.0
Turkiye,TUR,2013,lit_male,98.0
Turkiye,TUR,2012,lit_male,98.0
Turkiye,TUR,2011,lit_male,98.0
Turkiye,TUR,2010,lit_male,97.0
Turkiye,TUR,2009,lit_male,96.0
Turkiye,TUR,2007,lit_male,96.0
Turkiye,TUR,2006,lit_male,96.0
Turkiye,TUR,2005,lit_male,96.0
Turkiye,TUR,2004,lit_male,95.0
Turkiye,TUR,1990,lit_male,90.0
Turkmenistan,TKM,2005,lit_male,99.5999984741211
Turkmenistan,TKM,1995,lit_male,99.0
Uganda,UGA,2016,lit_male,78.4958419799805
Uganda,UGA,2012,lit_male,79.0
Uganda,UGA,2010,lit_male,83.0
Uganda,UGA,2006,lit_male,81.0
Uganda,UGA,2002,lit_male,78.0
Uganda,UGA,1991,lit_male,68.0
Ukraine,UKR,2012,lit_male,99.9939422607422
Ukraine,UKR,2001,lit_male,100.0
United Arab Emirates,ARE,2019,lit_male,98.0
United Arab Emirates,ARE,2005,lit_male,89.0
Uruguay,URY,2019,lit_male,98.0
Uruguay,URY,2018,lit_male,98.0
Uruguay,URY,2017,lit_male,98.0
Uruguay,URY,2016,lit_male,98.0
Uruguay,URY,2015,lit_male,98.0
Uruguay,URY,2014,lit_male,98.0
Uruguay,URY,2013,lit_male,98.0
Uruguay,URY,2012,lit_male,98.0
Uruguay,URY,2011,lit_male,98.0
Uruguay,URY,2010,lit_male,98.0
Uruguay,URY,2009,lit_male,98.0
Uruguay,URY,2008,lit_male,98.0
Uruguay,URY,2007,lit_male,97.0
Uruguay,URY,2006,lit_male,97.0
Uruguay,URY,1996,lit_male,96.0
Uzbekistan,UZB,2019,lit_male,100.0
Uzbekistan,UZB,2018,lit_male,100.0
Uzbekistan,UZB,2016,lit_male,100.0
Uzbekistan,UZB,2015,lit_male,100.0
Uzbekistan,UZB,2014,lit_male,100.0
Uzbekistan,UZB,2013,lit_male,100.0
Uzbekistan,UZB,2000,lit_male,99.0
Vanuatu,VUT,2014,lit_male,86.1800003051758
Vanuatu,VUT,2004,lit_male,80.4800033569336
Vanuatu,VUT,1994,lit_male,71.7699966430664
Viet Nam,VNM,2019,lit_male,97.0
Viet Nam,VNM,2009,lit_male,96.0
Viet Nam,VNM,2000,lit_male,94.0
Viet Nam,VNM,1999,lit_male,94.0
Zambia,ZMB,2018,lit_male,81.7223205566406
Zambia,ZMB,2010,lit_male,89.0
Zambia,ZMB,2007,lit_male,71.3176193237305
Zambia,ZMB,2002,lit_male,81.0
Zambia,ZMB,1999,lit_male,76.0
Zambia,ZMB,1990,lit_male,73.0
Zimbabwe,ZWE,2019,lit_male,93.0746688842773
Zimbabwe,ZWE,2014,lit_male,89.1853713989258
Zimbabwe,ZWE,2011,lit_male,87.7648086547852
Zimbabwe,ZWE,1992,lit_male,89.0
